HIP,Teff,logg,FeH,OH,NaH,MgH,AlH,SiH,CaH,TiH,CrH,NiH,ZnH,YH,BaH
80,5856,4.10,-0.59,0.42,0.08,0.29,0.25,0.16,0.17,0.20,-0.04,-0.02,0.13,-0.13,-0.09
305,5607,4.01,0.18,0.04,0.01,0.11,0.13,0.05,0.03,0.02,-0.02,0.01,0.20,-0.16,-0.02
407,5655,4.37,0.12,-0.05,-0.01,-0.01,-0.04,0.02,0.01,-0.03,0.03,0.01,-0.02,0.00,0.01
699,6203,4.07,-0.23,99.99,0.05,0.06,0.02,0.05,0.08,0.01,-0.04,-0.03,-0.06,-0.09,0.17
768,5716,4.31,0.03,0.13,0.08,0.08,0.04,0.05,0.04,0.03,0.02,-0.01,-0.08,-0.06,-0.05
910,6289,4.17,-0.33,99.99,0.09,0.03,0.03,0.07,0.09,0.10,-0.02,0.00,-0.08,-0.06,0.18
950,6547,4.14,-0.02,0.00,0.00,-0.06,-0.02,0.00,0.09,-0.02,-0.04,-0.07,-0.14,0.04,0.35
1128,5522,4.37,-0.64,0.67,0.05,0.41,0.34,0.23,0.23,0.32,0.09,0.01,0.22,0.09,-0.05
1349,5705,4.47,-0.54,0.20,0.04,0.13,0.06,0.05,0.12,0.10,0.04,-0.04,0.00,-0.02,0.01
1599,5932,4.33,-0.19,0.00,0.00,0.05,0.08,0.05,0.06,0.05,-0.01,-0.03,-0.04,-0.03,0.11
1746,5473,4.48,-0.47,0.50,0.03,0.34,0.27,0.20,0.14,0.23,0.03,0.02,0.20,0.01,-0.07
1877,5089,3.42,-0.30,0.02,0.07,0.19,0.18,0.11,0.10,0.10,0.01,0.01,0.03,0.00,0.07
1931,5990,4.45,0.34,-0.25,0.08,0.02,0.02,0.02,-0.01,0.03,0.00,0.03,-0.12,-0.05,-0.03
1955,6024,4.31,-0.01,-0.06,0.02,0.07,0.02,0.00,0.03,0.02,-0.01,-0.02,-0.34,-0.05,0.02
1976,5982,4.32,0.19,-0.15,-0.01,0.08,0.04,0.02,0.00,-0.05,-0.03,-0.03,0.08,-0.21,0.00
2021,5852,3.91,-0.07,-0.01,0.06,0.08,0.12,0.03,0.02,0.01,-0.02,-0.02,0.04,-0.12,0.03
2057,5248,3.61,-0.18,0.03,0.02,0.14,0.12,0.07,0.07,0.02,0.01,0.00,0.09,-0.03,-0.01
2194,5211,4.50,-0.60,0.55,0.02,0.25,0.26,0.24,0.13,0.24,0.03,0.04,0.32,0.08,-0.04
2235,6595,4.07,-0.29,99.99,0.10,0.05,-0.07,0.06,0.13,0.06,-0.08,-0.04,-0.09,0.61,0.82
2319,6396,3.97,-0.55,0.21,0.10,0.24,0.05,0.10,0.12,0.13,-0.03,-0.05,0.04,-0.06,0.14
2711,6499,4.22,0.06,-0.05,0.09,-0.01,-0.03,0.01,0.14,-0.02,-0.02,-0.07,-0.07,0.07,0.20
2743,4991,4.57,-0.41,0.35,-0.05,0.30,0.23,0.15,0.18,0.36,0.11,0.04,0.06,0.30,-0.05
2787,6583,3.87,-0.11,99.99,-0.01,-0.03,-0.06,0.00,0.10,0.03,-0.03,-0.07,-0.15,0.00,0.57
2909,5743,4.07,-0.15,0.22,0.03,0.27,0.17,0.11,0.08,0.14,-0.02,-0.01,0.13,-0.13,-0.10
3026,6157,4.19,-1.13,99.99,-0.21,0.13,99.99,0.13,0.26,0.27,0.02,-0.10,0.01,-0.09,-0.11
3086,5825,4.34,-0.10,0.08,-0.04,0.07,0.10,0.01,0.05,0.15,0.00,-0.02,0.09,-0.08,-0.01
3142,6198,4.18,-0.38,0.08,0.07,0.12,0.08,0.04,0.10,0.10,0.00,-0.03,-0.07,-0.10,0.02
3170,5963,4.05,-0.24,0.12,0.00,0.21,0.15,0.06,0.09,0.07,0.03,-0.02,-0.02,-0.14,0.03
3182,5643,4.32,-0.29,0.43,0.05,0.26,0.25,0.17,0.12,0.23,0.03,0.03,0.12,-0.02,-0.12
3185,5335,3.88,-0.59,0.51,0.13,0.27,0.34,0.22,0.23,0.33,0.07,0.03,0.21,0.13,0.12
3391,5600,4.30,0.16,-0.03,0.12,0.03,0.05,0.06,0.00,0.00,0.01,0.06,0.25,-0.07,-0.03
3479,5563,4.40,-0.26,0.26,-0.03,0.12,0.11,0.06,0.01,0.08,0.02,-0.04,0.05,-0.06,-0.13
3497,5638,4.41,-0.32,0.39,0.02,0.21,0.25,0.14,0.11,0.23,0.04,0.02,0.14,-0.08,-0.13
3704,6078,4.40,-0.35,0.07,0.00,0.04,0.07,0.00,0.05,0.09,-0.02,-0.03,0.05,-0.08,0.06
3734,6225,3.99,-0.06,0.08,0.00,0.16,0.00,0.02,0.05,0.02,-0.03,-0.07,-0.12,0.04,0.17
3909,6352,4.45,-0.03,99.99,-0.08,-0.04,-0.05,-0.05,0.03,0.00,-0.05,-0.06,-0.13,0.03,0.16
4830,6046,4.16,0.12,-0.12,0.06,0.11,0.04,0.01,0.00,-0.03,-0.04,-0.01,0.04,-0.08,-0.07
4892,5994,4.42,-0.29,0.03,0.01,0.06,0.08,0.02,0.05,0.02,-0.03,-0.04,0.08,-0.08,0.06
5054,5768,4.33,-0.62,0.56,0.11,0.39,0.29,0.25,0.24,0.28,0.01,0.03,0.41,0.29,0.40
5264,5720,3.83,0.00,-0.05,0.03,0.11,0.06,0.02,0.04,-0.02,-0.05,-0.02,0.26,-0.06,0.01
5301,5686,4.39,-0.11,0.01,-0.03,0.02,0.02,0.00,0.00,-0.01,0.02,-0.03,0.18,-0.03,0.03
5315,4971,3.41,-0.46,0.50,0.17,0.36,0.35,0.24,0.19,0.31,0.03,0.04,0.28,0.08,-0.15
5700,5792,4.34,0.04,0.03,-0.07,0.08,0.07,0.00,0.01,0.07,0.01,-0.05,-0.02,-0.08,-0.06
5817,5292,4.39,-0.08,0.37,-0.04,0.24,0.21,0.17,0.08,0.19,0.03,0.05,0.12,0.01,0.00
5862,6145,4.24,0.17,99.99,0.06,0.04,0.02,0.02,0.00,-0.02,0.01,-0.01,-0.09,-0.21,-0.12
6177,5026,4.56,-0.11,0.28,-0.06,0.03,0.06,0.02,0.06,0.15,0.09,0.00,0.03,0.14,-0.04
6607,5451,4.47,-0.44,0.49,0.07,0.26,0.27,0.20,0.13,0.28,0.03,0.03,0.18,-0.02,-0.10
6653,5841,4.34,0.22,-0.17,0.06,0.00,0.01,0.03,-0.01,0.03,0.00,0.03,0.00,-0.02,-0.04
6856,5036,4.52,-0.10,0.28,-0.05,-0.12,0.01,-0.06,0.18,0.15,0.18,-0.07,-0.03,0.29,0.27
6949,5005,3.35,-0.50,0.33,0.09,0.29,0.29,0.19,0.18,0.26,0.00,0.01,0.13,0.07,-0.10
7080,5691,4.12,0.35,-0.18,0.03,0.05,0.04,0.06,0.00,0.05,0.03,0.04,0.03,0.02,-0.11
7091,5284,4.36,0.02,0.24,0.00,0.04,0.05,0.10,-0.04,0.04,0.01,0.04,0.12,-0.09,-0.06
7162,5217,2.97,-2.05,99.99,-0.18,0.36,99.99,0.26,0.21,0.16,0.08,-0.12,99.99,-0.18,-0.17
7276,6038,4.28,0.28,-0.30,0.05,-0.02,0.02,-0.02,-0.06,0.00,-0.03,0.03,0.03,-0.09,-0.09
7961,5648,3.91,-0.62,0.55,0.14,0.38,0.37,0.24,0.27,0.29,0.02,0.01,0.16,-0.08,-0.16
7978,6219,4.41,0.05,-0.15,-0.09,-0.07,-0.07,-0.04,0.04,-0.01,0.01,-0.07,-0.11,0.08,0.21
8398,5918,4.23,0.20,-0.10,0.11,0.12,0.11,0.06,-0.01,-0.01,-0.02,0.03,0.02,-0.04,-0.05
8498,5712,4.31,0.04,0.03,0.05,0.04,0.04,0.03,0.01,0.00,0.01,0.01,0.11,-0.05,-0.02
8572,5931,3.77,-2.62,99.99,99.99,99.99,99.99,99.99,0.46,0.52,99.99,0.13,99.99,99.99,-0.26
8674,5526,4.45,-0.61,0.46,0.06,0.26,0.25,0.18,0.16,0.26,0.01,0.00,0.21,0.67,0.72
8758,5920,4.29,0.00,-0.03,0.01,0.00,-0.01,0.02,0.03,0.03,-0.02,-0.02,-0.04,-0.05,-0.02
8798,5749,4.37,-0.23,0.28,0.02,0.23,0.23,0.13,0.11,0.19,0.01,0.01,0.21,-0.06,-0.07
8859,6420,4.21,-0.30,0.08,0.01,0.15,0.03,0.04,0.06,0.02,-0.05,-0.07,-0.13,-0.06,0.10
9085,6334,4.29,-0.26,99.99,0.01,0.12,-0.03,0.05,0.08,0.05,-0.02,-0.05,-0.06,-0.26,0.12
9137,6310,4.25,-0.33,0.06,0.05,0.18,0.07,0.09,0.10,0.05,-0.03,-0.06,-0.01,-0.09,0.11
9316,5606,3.88,0.10,-0.05,0.11,0.08,0.08,0.03,0.03,0.00,0.01,0.04,0.31,-0.09,-0.01
9381,5673,4.35,-0.28,0.34,0.07,0.24,0.25,0.14,0.07,0.17,0.01,0.03,0.14,-0.07,-0.09
9471,5653,4.13,0.04,0.07,0.02,0.14,0.19,0.07,0.07,0.10,-0.02,0.02,0.11,-0.14,-0.05
9629,5362,4.45,-0.28,0.39,0.00,0.14,0.16,0.11,0.03,0.17,0.04,-0.01,0.07,0.09,-0.08
9818,5579,4.04,-0.05,0.22,0.05,0.14,0.19,0.11,0.08,0.14,-0.01,0.03,0.22,-0.07,-0.05
9911,5920,4.24,0.08,-0.04,0.08,0.10,0.09,0.05,0.01,0.01,-0.01,0.01,0.17,-0.12,-0.05
10116,5855,4.06,-0.01,-0.04,0.03,0.00,0.04,0.02,0.04,0.04,-0.01,-0.01,-0.03,-0.11,-0.10
10225,6480,4.20,0.03,0.16,0.14,0.27,0.14,0.13,0.13,0.10,0.00,-0.02,0.10,-0.13,0.07
10306,6507,3.96,-0.19,99.99,0.07,0.05,0.09,0.05,0.08,0.05,-0.05,-0.03,-0.10,0.08,0.43
10483,6113,4.29,-0.12,-0.05,0.02,0.01,0.01,-0.01,0.00,-0.03,-0.04,-0.05,-0.01,-0.11,-0.03
10492,5769,4.46,0.34,-0.18,0.17,-0.07,-0.01,0.02,-0.05,0.05,0.03,0.07,0.04,0.03,-0.07
10694,5870,4.29,0.12,0.01,0.00,0.09,0.07,0.00,-0.03,0.04,-0.02,-0.01,0.00,-0.07,-0.12
10798,5302,4.61,-0.51,0.30,0.02,0.08,0.13,0.10,0.01,0.12,0.05,0.00,0.10,0.07,0.07
10842,5457,4.34,-0.36,0.47,0.02,0.33,0.29,0.19,0.12,0.22,0.07,0.00,0.16,0.02,-0.15
10977,5014,4.57,-0.14,0.01,-0.09,-0.02,0.02,-0.02,-0.02,0.12,0.10,-0.01,-0.01,0.26,0.05
11072,5917,3.96,0.00,-0.03,0.07,0.05,0.08,0.03,0.02,0.02,0.00,0.00,0.01,-0.08,0.01
11205,5445,4.38,-0.06,0.13,-0.04,0.06,0.05,0.06,0.00,0.03,0.01,0.01,0.03,-0.03,-0.03
11309,6195,3.99,-0.34,99.99,0.08,0.08,0.08,0.07,0.07,0.04,-0.06,0.01,-0.07,-0.13,0.10
11586,6391,4.01,-0.45,0.17,0.08,0.19,99.99,0.05,0.09,0.08,-0.04,-0.05,-0.14,-0.06,0.06
12048,5751,3.99,0.12,-0.10,-0.05,0.12,0.09,0.02,0.02,-0.02,-0.03,-0.02,-0.05,-0.20,-0.08
12186,5885,4.23,0.18,-0.19,-0.08,-0.04,0.08,-0.03,-0.01,0.03,-0.02,-0.02,0.00,-0.10,-0.10
12306,5832,4.44,-0.52,99.99,0.06,0.28,0.19,0.15,0.13,0.24,0.02,0.05,0.07,-0.11,-0.03
12381,6195,4.07,-0.23,0.17,-0.01,0.18,-0.01,0.08,0.08,0.03,-0.04,-0.06,0.05,0.17,0.06
12411,5513,4.45,-0.14,0.17,-0.04,0.08,0.11,0.05,0.01,0.08,0.01,-0.01,0.08,-0.04,-0.14
12444,6383,4.41,0.09,-0.19,-0.05,-0.04,-0.10,0.00,0.05,-0.03,0.01,-0.08,-0.10,0.10,0.24
12483,5703,3.87,-0.70,0.63,0.11,0.37,0.20,0.26,0.26,0.24,-0.01,-0.02,0.17,-0.08,-0.03
12611,5431,3.97,0.36,-0.27,0.08,-0.08,0.08,0.00,-0.02,0.07,-0.02,0.04,0.13,0.02,-0.10
12653,6375,4.73,0.27,-0.27,-0.06,-0.11,-0.11,-0.08,-0.02,0.02,0.00,-0.03,-0.11,0.10,0.12
12889,5999,4.23,-0.13,0.04,0.04,0.11,0.06,0.03,0.04,0.00,-0.04,-0.03,-0.01,-0.09,-0.05
13315,5674,3.84,-0.32,0.07,0.03,0.15,0.09,0.04,0.04,0.02,-0.03,-0.04,0.21,-0.07,0.09
13341,5821,4.34,0.03,-0.02,0.04,0.02,0.08,0.02,0.01,0.02,0.00,0.00,-0.02,-0.05,-0.04
13350,5431,4.39,-0.18,0.18,-0.03,0.09,0.06,0.06,0.03,0.03,0.03,0.00,0.09,-0.04,0.00
13366,5856,4.26,-0.69,0.54,0.10,0.37,0.23,0.22,0.24,0.28,0.01,-0.01,0.22,-0.03,-0.11
13388,5080,4.59,-0.41,0.36,0.02,0.23,0.29,0.18,0.07,0.38,0.13,0.06,0.23,0.27,-0.14
13513,5159,4.58,0.06,0.11,0.02,-0.01,0.10,0.06,-0.04,0.17,0.15,0.03,0.00,0.24,-0.16
13848,5425,4.47,0.22,0.06,0.01,0.08,0.09,0.12,-0.05,0.07,0.05,0.09,0.30,-0.02,-0.03
13902,5898,4.31,-0.26,0.14,-0.04,0.13,0.04,0.02,0.07,0.07,0.00,-0.05,-0.14,-0.14,-0.03
13938,6372,4.18,0.07,-0.09,0.08,0.09,-0.03,0.06,0.06,-0.05,-0.02,-0.04,-0.16,-0.04,0.03
14016,5418,3.95,-0.17,0.25,0.08,0.30,0.27,0.15,0.11,0.16,0.00,0.03,0.14,-0.09,-0.08
14023,5180,4.42,0.14,0.14,0.02,0.03,0.01,0.06,-0.09,0.01,0.03,0.05,0.08,-0.01,-0.09
14086,5095,3.47,-0.56,0.33,0.04,0.42,0.35,0.23,0.28,0.36,0.04,0.01,0.19,0.11,-0.11
14241,5430,4.33,-0.45,0.59,0.05,0.38,0.34,0.24,0.17,0.30,0.10,0.03,0.22,0.14,-0.13
14339,5757,4.26,-0.06,0.07,-0.06,0.06,-0.01,0.03,0.02,0.07,-0.01,-0.04,0.08,-0.07,-0.02
14561,6107,4.20,0.31,-0.15,0.12,0.10,0.09,0.06,-0.01,-0.03,-0.02,0.02,-0.02,-0.05,-0.18
14879,6199,3.92,-0.18,0.09,0.01,0.10,0.05,0.03,0.05,0.03,-0.02,-0.06,-0.07,-0.05,0.22
14954,6424,4.54,0.31,-0.28,0.09,-0.04,0.02,-0.01,-0.06,0.05,0.00,0.00,0.02,0.01,-0.07
15131,5985,4.54,-0.43,99.99,0.11,0.10,0.05,0.03,0.03,0.08,0.00,0.01,0.01,-0.23,-0.07
15158,6191,4.18,-0.06,0.05,0.04,0.08,0.00,0.04,0.03,-0.01,-0.04,-0.04,-0.01,-0.02,0.00
15371,5826,4.41,-0.24,0.10,-0.02,0.08,0.08,0.05,0.04,0.04,0.00,-0.02,0.02,-0.12,0.03
15381,5882,4.24,0.08,-0.05,0.06,0.08,0.06,0.05,0.01,-0.02,-0.01,0.01,0.01,-0.10,-0.14
15510,5372,4.47,-0.46,99.99,0.07,0.33,0.32,0.22,0.13,0.32,0.03,0.06,0.30,0.19,-0.23
15940,5546,3.91,-0.44,0.38,0.05,0.26,0.23,0.15,0.16,0.21,-0.03,-0.01,0.16,-0.09,-0.06
16169,5650,4.34,-0.57,0.51,0.06,0.32,0.25,0.20,0.17,0.23,0.01,0.02,0.15,-0.12,-0.16
16365,5789,4.27,-0.43,0.37,0.06,0.27,0.16,0.13,0.16,0.22,0.01,-0.01,0.29,-0.07,-0.03
16391,5699,4.11,-0.05,0.07,0.01,0.18,0.17,0.05,0.10,0.14,-0.01,-0.01,0.18,-0.06,0.07
16404,5149,4.64,-2.26,99.99,-0.40,0.25,99.99,99.99,0.23,0.31,0.12,0.01,0.35,-0.12,-0.39
16492,5058,3.53,-0.54,0.42,0.06,0.39,0.33,0.23,0.22,0.27,0.01,0.04,0.17,-0.01,-0.06
16788,6021,4.41,-0.31,99.99,0.06,0.14,0.14,0.03,0.07,0.10,-0.04,0.03,0.09,0.80,0.88
16852,6036,4.08,-0.03,-0.03,0.06,0.06,0.07,0.02,0.03,0.01,-0.01,-0.02,0.00,-0.07,0.07
17147,5970,4.52,-0.81,0.53,0.06,0.35,0.33,0.23,0.24,0.33,0.03,0.01,0.09,0.12,-0.01
17378,5113,3.84,0.20,-0.34,0.07,0.02,0.06,0.01,-0.01,0.06,0.05,0.03,0.13,0.03,-0.14
17970,5204,4.50,-0.49,0.31,-0.07,0.17,0.13,0.13,0.05,0.13,0.01,0.00,0.18,-0.04,-0.05
17987,5500,3.90,-0.48,0.50,0.09,0.36,0.28,0.20,0.19,0.22,-0.02,0.03,0.15,-0.09,-0.13
18164,6635,3.87,-0.53,0.17,0.08,0.10,-0.44,0.00,0.01,0.03,-0.04,-0.08,-0.25,-0.08,0.24
18331,6534,4.23,0.16,-0.04,-0.01,0.20,0.03,0.03,0.04,0.01,-0.04,-0.04,-0.10,-0.19,0.11
18612,5847,4.33,-0.13,0.05,-0.02,0.07,0.05,0.00,0.02,0.02,0.00,-0.02,0.10,-0.09,-0.08
18802,5861,4.14,-0.93,0.56,0.09,0.37,0.18,0.19,0.23,0.18,-0.04,-0.03,0.17,-0.18,-0.14
18833,6301,3.91,-0.53,99.99,0.07,0.03,0.20,0.07,0.12,0.09,-0.10,0.02,-0.09,-0.05,0.20
19233,5803,4.29,-0.07,0.01,-0.02,0.07,0.03,0.01,0.02,-0.01,-0.01,-0.03,-0.07,-0.12,-0.04
19773,6429,4.25,-0.52,0.14,0.05,0.14,-0.06,0.06,0.10,0.10,-0.02,-0.04,0.01,-0.12,-0.02
20199,5638,4.40,-0.16,0.22,-0.01,0.14,0.15,0.08,0.07,0.14,0.01,-0.01,0.08,0.00,-0.04
20242,5717,4.11,-0.23,99.99,0.00,0.13,0.21,0.03,0.16,0.11,0.00,-0.01,0.03,-0.11,0.06
20489,5840,4.33,0.28,-0.22,0.10,-0.03,0.00,0.03,-0.03,0.04,0.01,0.06,0.05,-0.01,-0.15
20638,5755,4.34,-0.46,0.44,0.09,0.32,0.27,0.18,0.19,0.27,0.03,0.02,0.16,-0.10,-0.11
20677,5674,4.17,-0.32,0.38,0.05,0.31,0.22,0.17,0.17,0.20,0.01,0.03,0.17,0.20,0.15
21079,5792,4.43,-0.11,0.03,-0.07,-0.05,-0.08,-0.03,0.04,0.01,0.02,-0.09,-0.13,0.13,0.21
21731,5530,4.39,0.22,-0.05,-0.03,-0.03,0.00,0.05,-0.05,0.06,0.03,0.02,0.09,0.07,-0.07
21832,5643,4.48,-0.60,99.99,0.07,0.29,0.27,0.19,0.16,0.27,0.04,0.07,0.15,-0.09,-0.01
21839,5804,4.00,-0.15,0.00,-0.03,0.15,0.06,0.04,0.06,0.03,-0.04,-0.05,0.10,-0.18,-0.06
22068,6202,4.18,-1.42,99.99,0.03,0.32,99.99,0.27,0.30,0.34,-0.02,-0.03,0.06,-0.02,-0.15
22162,5785,4.04,0.08,-0.10,-0.06,0.01,0.06,-0.02,-0.01,-0.01,-0.03,-0.02,-0.17,0.04,0.05
22263,5790,4.54,0.02,0.07,-0.11,-0.06,-0.02,-0.03,0.04,0.01,0.03,-0.06,-0.03,0.14,0.17
22278,5738,4.27,0.15,-0.17,-0.01,0.01,0.04,0.02,-0.01,0.01,0.01,0.01,-0.04,-0.09,-0.01
22325,6497,4.36,0.21,-0.24,-0.04,-0.06,-0.07,-0.04,0.00,0.06,-0.03,-0.07,-0.13,0.09,0.15
22336,5923,4.06,0.26,-0.21,0.06,0.05,0.13,0.03,0.05,0.00,-0.01,0.02,-0.06,-0.03,0.00
22349,5758,4.35,-0.35,0.35,0.09,0.24,0.24,0.15,0.13,0.21,0.01,0.02,0.13,-0.09,-0.12
22395,5750,4.46,0.06,0.02,0.03,-0.03,-0.01,0.00,0.06,0.01,0.03,0.01,0.13,-0.01,0.08
22632,5909,4.22,-1.62,0.75,-0.05,0.39,99.99,0.27,0.30,0.26,-0.06,-0.06,0.09,-0.23,-0.29
22824,5934,4.07,-0.13,0.01,-0.01,0.17,0.11,0.05,0.08,0.04,-0.01,-0.03,0.01,-0.10,-0.02
23383,5409,4.37,-0.22,0.33,0.01,0.14,0.17,0.14,0.04,0.16,0.01,0.03,0.16,0.02,-0.05
23555,6466,4.64,0.22,-0.16,0.03,-0.02,0.00,-0.02,-0.03,0.04,0.02,-0.04,-0.09,0.06,-0.01
23941,6406,3.94,-0.24,0.20,0.06,0.07,0.11,0.07,0.10,0.01,-0.03,-0.06,-0.14,-0.02,0.29
24037,5441,4.34,-0.50,0.51,0.06,0.28,0.27,0.20,0.16,0.25,0.02,0.04,0.39,0.06,-0.06
24682,5242,3.62,-0.34,-0.22,0.02,0.12,0.10,0.07,0.07,0.06,-0.02,-0.01,0.10,-0.12,-0.08
24722,5580,4.36,-0.28,0.43,0.07,0.19,0.23,0.14,0.09,0.21,0.03,0.01,0.16,0.01,-0.09
24819,4872,4.62,-0.21,-0.10,-0.01,-0.01,0.09,-0.07,0.06,0.34,0.18,-0.02,-0.01,0.24,-0.04
24829,6411,4.07,0.07,99.99,-0.02,0.00,0.00,-0.01,0.02,-0.01,-0.04,-0.07,-0.16,0.25,0.24
25209,6848,4.07,0.00,0.24,0.06,0.07,-0.05,0.01,0.02,0.00,-0.02,-0.06,0.02,0.03,0.34
25528,6336,3.87,-0.40,0.54,0.16,0.38,0.23,0.20,0.21,0.26,-0.01,0.00,0.11,-0.09,0.13
25905,5480,4.42,-0.23,0.13,-0.02,0.07,0.09,0.06,0.02,0.07,0.05,-0.01,0.07,0.11,-0.02
26273,5429,3.76,-0.40,0.09,-0.05,0.22,0.16,0.04,0.08,0.12,0.01,-0.08,0.07,-0.08,-0.04
26641,5506,4.68,-0.60,99.99,99.99,-0.04,99.99,99.99,0.00,0.21,0.01,-0.02,99.99,0.03,99.99
26828,6457,4.14,-0.34,99.99,0.17,0.18,0.18,0.18,0.18,0.19,-0.07,0.03,0.08,-0.14,-0.02
27072,6323,4.16,-0.02,99.99,-0.01,-0.01,0.04,0.01,0.10,-0.03,-0.03,-0.09,-0.15,-0.02,0.15
27080,5144,4.56,-0.67,0.61,0.02,0.33,0.33,0.23,0.13,0.32,0.09,0.06,0.14,0.18,-0.19
27128,5892,4.02,-0.88,0.59,0.08,0.38,0.25,0.25,0.23,0.23,-0.05,-0.03,0.27,-0.09,-0.02
27910,5113,4.42,0.01,0.18,-0.10,0.00,0.03,0.06,-0.09,0.09,0.05,0.04,0.03,0.06,-0.10
28044,5361,3.61,-0.07,0.02,0.00,0.18,0.14,0.08,0.05,0.04,0.02,-0.03,-0.04,0.08,-0.03
28066,5655,4.12,-0.17,0.28,0.05,0.17,0.21,0.13,0.10,0.13,0.02,0.01,0.11,-0.02,-0.06
28159,5668,4.06,-0.40,99.99,0.06,0.16,0.26,0.18,0.15,0.21,0.05,0.00,0.23,-0.17,-0.13
28267,5444,4.29,-0.16,0.26,0.03,0.13,0.18,0.11,0.06,0.13,0.04,0.01,0.17,-0.01,-0.10
28369,6940,3.97,-0.15,0.51,0.05,0.10,-0.22,0.03,0.05,0.02,-0.02,-0.06,-0.12,0.03,0.42
28403,5668,4.31,-0.33,0.16,-0.08,0.18,0.14,0.05,0.04,0.07,-0.01,-0.06,0.03,-0.15,-0.07
28671,5396,4.39,-1.11,99.99,-0.12,0.11,0.00,0.16,0.29,0.27,0.10,-0.13,0.15,-0.04,0.01
29271,5517,4.48,0.07,0.11,0.03,-0.02,0.03,0.06,-0.04,0.03,0.03,0.06,0.03,0.03,-0.10
29716,6337,3.89,-0.08,0.10,0.01,0.04,0.04,0.01,0.10,0.04,-0.04,-0.07,-0.07,0.04,0.33
30158,5708,4.35,0.05,-0.11,0.02,0.15,0.11,0.02,0.01,0.01,0.01,0.00,-0.01,-0.08,-0.12
30439,5353,3.79,-0.57,0.49,0.06,0.36,0.29,0.22,0.26,0.30,0.01,0.01,0.16,0.06,-0.08
30476,5665,4.14,-0.06,0.13,0.03,0.20,0.19,0.08,0.07,0.06,-0.01,-0.01,0.30,-0.19,-0.06
30480,5980,4.37,0.25,-0.17,0.08,-0.02,0.02,-0.04,-0.06,0.00,-0.02,0.03,0.03,0.21,0.04
30503,5845,4.43,0.06,-0.03,0.00,-0.03,0.01,-0.01,0.00,-0.01,0.00,-0.03,-0.02,0.04,0.03
30545,6042,3.89,-0.03,-0.05,0.02,0.04,0.08,0.03,0.06,0.01,-0.02,-0.05,-0.02,-0.05,0.12
31030,5129,3.48,-0.44,0.18,0.01,0.21,0.16,0.09,0.10,0.12,0.00,-0.01,0.07,-0.05,-0.07
32649,5385,3.87,-0.26,0.37,0.08,0.24,0.27,0.16,0.14,0.22,0.00,0.05,0.14,-0.07,-0.12
33094,5612,4.03,0.04,0.11,0.07,0.13,0.15,0.08,0.04,0.10,-0.02,0.03,0.30,-0.03,-0.11
33220,6767,4.07,-0.64,0.41,0.14,0.34,0.02,0.18,0.15,0.20,-0.04,-0.04,0.17,-0.12,-0.21
33324,5826,4.24,-0.68,0.50,0.10,0.37,0.22,0.22,0.20,0.22,0.01,0.01,0.16,-0.11,-0.08
33582,5773,4.11,-0.62,0.44,0.06,0.36,0.26,0.18,0.20,0.19,-0.04,0.02,0.19,-0.18,-0.15
33642,5754,4.09,-0.24,0.18,0.03,0.18,0.18,0.08,0.12,0.12,-0.01,-0.01,0.15,-0.09,0.00
34017,5920,4.42,-0.12,99.99,-0.01,0.04,0.06,0.01,0.04,0.03,0.02,-0.02,0.56,-0.07,-0.01
34028,5224,3.37,-0.11,0.26,0.11,0.13,0.11,0.01,0.13,0.06,0.06,-0.01,-0.07,-0.01,-0.01
34065,5751,4.14,-0.25,0.19,0.01,0.18,0.11,0.07,0.08,0.08,-0.01,-0.03,0.04,-0.18,-0.07
34069,5169,4.40,-0.31,0.39,-0.01,0.09,0.14,0.12,0.03,0.14,0.04,0.02,0.17,0.06,-0.12
34212,6199,4.26,-0.04,0.03,0.04,0.06,-0.05,0.00,0.00,-0.03,-0.06,-0.05,-0.10,-0.20,-0.11
34254,5600,3.82,-0.04,-0.02,0.08,0.16,0.04,0.06,0.04,0.01,-0.03,-0.01,-0.06,-0.14,-0.04
34285,5984,4.26,-0.96,0.28,-0.29,0.17,-0.20,0.02,0.13,0.09,0.01,-0.22,0.04,-0.28,-0.22
34410,6197,4.01,-0.26,0.06,0.06,0.18,0.04,0.05,0.04,0.00,-0.02,-0.04,0.18,-0.11,0.05
34511,5789,4.44,-0.11,0.05,-0.04,-0.01,-0.03,-0.01,0.00,0.00,-0.01,-0.04,-0.06,0.01,0.08
34739,5409,4.40,-0.35,0.41,0.01,0.23,0.24,0.15,0.11,0.17,0.02,0.03,0.13,-0.02,-0.07
34961,5277,4.41,-0.44,0.41,0.06,0.27,0.28,0.18,0.10,0.26,0.04,0.04,0.26,0.14,-0.10
35139,5771,4.47,-0.52,0.14,0.04,0.21,0.08,0.07,0.06,0.08,0.00,-0.03,0.09,-0.09,0.06
35148,5869,4.07,-0.20,0.12,-0.02,0.08,0.01,0.01,0.05,0.05,0.00,-0.05,0.08,-0.13,-0.04
35318,5972,3.97,-0.54,0.29,0.04,0.18,0.08,0.07,0.09,0.05,-0.02,-0.07,0.01,-0.20,0.00
35718,5310,4.46,-0.06,0.35,-0.01,0.07,0.13,0.13,-0.01,0.12,0.01,0.03,0.16,0.02,-0.03
35750,5004,4.54,0.04,-0.01,-0.15,0.01,-0.02,0.02,-0.10,0.12,0.04,-0.01,-0.03,0.10,-0.09
36210,5564,4.38,0.03,0.07,0.01,0.03,0.08,0.06,-0.02,0.04,0.05,0.02,0.02,-0.01,-0.04
36269,6152,3.97,-1.66,0.50,99.99,0.40,99.99,0.16,0.33,0.31,-0.07,0.02,99.99,0.18,-0.08
36491,5869,4.31,-0.95,0.54,0.11,0.44,0.32,0.26,0.24,0.25,0.02,0.02,0.07,-0.07,-0.17
36515,5859,4.52,0.00,-0.07,-0.09,-0.06,-0.05,-0.04,0.03,0.02,0.03,-0.08,-0.07,0.10,0.24
36795,6348,3.89,-0.10,99.99,-0.02,0.03,-0.07,-0.01,0.06,0.02,-0.03,-0.07,-0.10,0.04,0.18
36849,6012,4.16,-0.84,0.42,0.13,0.31,0.12,0.15,0.18,0.22,-0.05,-0.04,0.15,-0.16,-0.14
36855,5648,4.35,0.13,99.99,-0.01,0.11,0.10,0.00,-0.06,0.06,0.04,0.06,0.16,0.01,-0.08
36874,5854,4.46,-0.02,99.99,-0.08,0.00,0.09,-0.01,-0.01,0.08,0.00,0.00,0.01,-0.08,0.00
36993,5985,4.49,0.21,99.99,0.00,-0.06,0.01,0.00,-0.02,0.00,0.03,0.00,-0.08,-0.01,0.05
37171,5562,4.33,0.13,-0.01,0.21,0.01,0.07,0.08,-0.05,0.01,0.04,0.10,0.11,-0.02,-0.18
37233,5694,4.02,-0.47,0.35,0.01,0.32,0.29,0.20,0.25,0.30,-0.03,0.03,0.06,-0.01,-0.02
37419,5715,4.38,-0.33,0.14,-0.05,0.08,0.08,0.03,0.04,0.03,-0.02,-0.05,0.01,-0.12,-0.07
37520,5920,4.37,0.41,99.99,0.12,0.00,-0.01,-0.01,-0.04,0.00,-0.01,0.02,0.11,-0.08,-0.05
37789,5979,4.22,-0.63,99.99,0.02,0.27,0.09,0.14,0.13,0.19,0.00,0.00,0.04,-0.12,0.02
37853,5852,4.24,-0.81,0.56,0.15,0.41,0.26,0.20,0.26,0.29,0.00,0.00,0.23,-0.07,-0.09
38134,5837,4.23,-0.89,0.63,0.11,0.40,0.24,0.24,0.29,0.27,0.06,0.01,0.17,0.03,0.00
38541,5316,4.60,-1.84,99.99,-0.11,0.30,99.99,0.27,0.30,0.32,0.17,-0.05,0.21,-0.03,-0.21
38625,5188,4.40,-0.91,0.73,0.09,0.38,0.32,0.27,0.24,0.31,0.08,0.03,0.23,0.05,-0.15
38750,5763,3.92,-0.35,0.41,0.10,0.32,0.23,0.18,0.21,0.23,0.00,0.00,0.27,-0.02,-0.04
38782,5683,4.08,-0.05,0.15,0.02,0.10,0.15,0.06,0.03,0.06,-0.03,-0.03,0.02,-0.17,-0.07
38862,5749,4.35,-0.19,0.12,-0.02,0.12,0.07,0.05,0.05,0.02,-0.01,-0.01,0.21,-0.08,-0.01
38926,5998,4.42,-0.36,99.99,0.02,0.06,0.05,0.06,0.07,0.08,0.00,-0.03,-0.07,-0.11,0.01
39911,5598,4.45,-0.84,0.49,0.02,0.35,0.25,0.17,0.21,0.24,0.00,0.01,0.15,-0.04,-0.07
40613,5794,4.13,-0.63,99.99,0.13,0.41,0.37,0.24,0.27,0.31,-0.02,0.05,0.11,-0.06,-0.07
40761,5893,4.43,0.25,99.99,0.12,0.03,0.06,0.07,-0.03,0.04,0.05,0.06,0.02,-0.04,-0.03
40794,5730,4.15,-0.32,0.30,0.06,0.29,0.21,0.14,0.18,0.22,-0.01,0.01,0.12,-0.14,-0.08
41471,5876,3.89,-0.04,0.04,0.05,0.11,-0.01,0.03,0.02,-0.01,-0.04,-0.02,0.02,-0.04,-0.03
41544,6701,4.21,-0.14,99.99,0.13,-0.01,99.99,0.00,0.11,0.00,-0.10,-0.02,99.99,0.11,0.06
42356,5962,4.42,0.17,99.99,0.06,-0.03,0.02,0.02,0.00,0.00,-0.01,0.03,0.02,-0.02,-0.03
42612,5802,4.10,-0.03,0.00,-0.08,0.02,0.02,-0.01,0.02,0.02,-0.02,-0.06,-0.06,-0.15,-0.07
42734,5841,4.07,-0.55,99.99,0.14,0.27,0.29,0.13,0.27,0.28,0.01,0.01,0.05,-0.16,-0.06
42889,5725,4.15,-0.33,0.34,0.05,0.19,0.23,0.13,0.17,0.22,-0.03,-0.01,0.17,-0.10,-0.10
43054,5816,4.14,-0.03,-0.02,-0.05,0.11,0.05,-0.02,0.05,0.04,-0.02,-0.06,-0.04,-0.11,-0.04
43393,5213,4.51,-0.61,0.66,0.06,0.35,0.31,0.25,0.16,0.31,0.04,0.05,0.21,0.00,-0.11
44075,5937,4.22,-0.90,99.99,0.03,0.37,0.26,0.23,0.26,0.31,-0.01,-0.01,0.11,0.09,0.01
44319,5990,4.32,0.12,-0.11,0.03,0.07,0.07,0.01,0.01,-0.01,0.00,0.02,0.19,-0.07,0.01
44441,6453,4.32,-0.07,99.99,-0.02,0.01,-0.09,-0.05,0.04,0.03,-0.06,-0.08,-0.15,-0.01,0.27
44713,5823,4.34,0.14,-0.05,-0.05,0.03,0.11,0.01,0.00,0.04,0.01,-0.02,-0.01,-0.05,-0.09
44821,4933,4.62,-0.12,0.05,-0.08,0.03,0.01,-0.03,0.05,0.22,0.13,0.04,-0.08,0.29,-0.05
44860,5701,4.29,-0.48,99.99,0.11,0.35,0.31,0.23,0.21,0.29,0.03,0.07,0.20,-0.01,-0.03
44896,5808,4.09,-0.23,0.11,-0.03,0.13,0.04,0.03,0.05,0.08,-0.03,-0.07,0.00,-0.13,-0.02
44915,6108,3.97,0.14,-0.12,0.09,0.03,0.02,0.03,0.03,-0.03,-0.02,-0.01,0.06,-0.01,-0.02
44927,5997,3.93,-0.18,0.38,0.12,0.31,0.30,0.17,0.14,0.19,-0.03,-0.01,0.14,-0.12,-0.01
45283,5830,4.27,-0.63,99.99,0.10,0.38,0.12,0.21,0.24,0.30,0.01,0.04,0.15,0.01,-0.10
45514,5302,3.82,-0.27,0.30,0.08,0.25,0.24,0.16,0.10,0.19,0.00,0.02,0.21,-0.02,-0.11
45733,5981,4.40,-0.47,0.39,0.02,0.24,0.10,0.15,0.13,0.15,-0.02,-0.02,0.13,-0.14,-0.02
46685,5414,4.35,-0.08,0.27,0.04,0.13,0.16,0.11,0.02,0.14,0.01,0.05,0.20,-0.04,-0.10
46888,5776,3.89,-0.07,-0.04,0.01,0.10,0.03,0.01,0.05,0.02,-0.02,-0.02,0.07,0.00,0.12
47048,6630,4.12,-0.50,0.16,0.13,0.27,-0.13,0.06,0.10,0.02,-0.10,-0.09,-0.14,-0.13,0.05
47588,5755,4.11,-0.38,0.32,0.07,0.21,0.21,0.14,0.17,0.23,-0.03,0.01,0.22,-0.07,-0.10
48152,6541,4.23,-1.92,0.43,99.99,0.28,99.99,0.26,0.33,0.39,-0.03,-0.03,0.11,0.08,0.25
48468,5968,3.87,0.11,-0.02,0.11,0.06,0.08,0.06,0.03,0.00,-0.02,0.01,0.02,-0.08,0.02
49285,5520,4.29,-0.21,0.35,0.05,0.21,0.15,0.13,0.06,0.14,0.03,-0.01,0.15,0.00,-0.04
49793,5764,4.33,-0.63,99.99,0.09,0.31,0.30,0.20,0.20,0.27,0.04,0.04,0.18,-0.03,-0.12
49942,5676,4.36,-0.27,99.99,0.05,0.21,0.30,0.19,0.16,0.26,0.04,0.03,0.14,-0.06,-0.12
49988,6003,4.02,-0.43,0.15,0.00,0.16,0.06,0.03,0.08,0.06,-0.02,-0.06,0.00,0.53,0.76
50274,5174,4.45,-0.34,0.26,-0.10,0.10,0.09,0.10,0.01,0.13,0.00,-0.02,0.05,0.06,-0.07
50316,5877,4.17,0.06,99.99,0.01,-0.01,0.06,0.02,0.01,0.03,-0.03,-0.01,0.02,-0.12,-0.05
50671,6014,4.33,-0.38,0.13,0.07,0.09,-0.02,0.04,0.06,0.03,-0.03,-0.03,0.11,-0.11,0.09
50713,5263,4.46,-0.11,0.17,-0.09,0.09,0.03,0.08,-0.03,0.04,-0.01,-0.01,0.26,0.01,-0.02
50834,6552,4.23,-0.27,0.08,0.06,0.13,-0.08,0.05,0.06,0.00,-0.03,-0.09,-0.19,-0.04,0.09
50907,6205,4.27,0.33,-0.19,0.18,0.02,0.00,0.04,-0.01,-0.04,-0.01,0.06,0.21,-0.16,-0.15
50941,5480,3.67,-0.71,0.61,0.11,0.41,0.31,0.27,0.29,0.30,-0.03,-0.01,0.18,0.03,-0.05
51028,5999,3.74,-0.68,0.32,0.15,0.22,-0.14,0.10,0.08,0.04,-0.02,-0.05,-0.10,-0.15,-0.03
51078,6008,4.16,0.25,-0.16,0.11,0.12,0.08,0.06,0.01,0.01,-0.01,0.06,0.15,-0.04,0.00
51477,5756,3.97,-1.00,99.99,-0.03,0.34,0.11,0.35,0.29,0.28,-0.02,0.00,0.23,0.24,0.24
51579,5896,4.23,0.20,99.99,0.13,-0.02,0.04,0.04,-0.01,-0.01,-0.01,0.04,0.10,-0.06,-0.08
51614,5992,3.90,0.15,-0.15,0.08,0.11,0.09,0.03,0.04,-0.01,-0.03,0.01,-0.13,-0.05,0.08
51933,6089,4.12,-0.18,0.10,0.00,0.04,0.08,0.04,0.07,0.05,0.00,-0.04,-0.05,-0.03,0.20
51938,5712,3.98,-0.41,0.45,0.06,0.40,0.33,0.19,0.20,0.28,0.02,-0.01,0.21,-0.02,-0.04
52247,5262,3.65,-0.46,0.37,0.11,0.20,0.17,0.08,0.11,0.10,0.03,-0.01,-0.09,0.05,0.23
52325,5668,4.39,-0.03,0.08,0.02,0.08,0.07,0.03,0.02,0.03,0.01,-0.01,0.02,-0.06,-0.13
52564,4885,3.05,-0.45,0.51,0.17,0.20,0.23,0.02,0.23,0.09,0.13,-0.03,-0.05,0.03,0.23
52990,6006,4.31,0.07,-0.11,0.06,0.02,0.00,0.00,-0.02,0.00,-0.02,0.02,0.00,-0.10,-0.10
53122,5696,3.99,-0.52,0.49,0.09,0.35,0.25,0.22,0.22,0.25,0.01,0.01,0.39,-0.02,-0.03
53311,5859,4.15,-0.56,99.99,0.10,0.31,0.32,0.18,0.20,0.26,-0.01,0.01,0.10,0.55,0.77
53719,5068,4.41,0.09,0.13,-0.09,-0.05,0.03,0.06,-0.10,0.05,0.04,0.05,0.07,0.01,-0.08
53765,6116,4.33,-0.28,0.12,-0.02,0.13,-0.02,0.02,0.05,0.00,-0.08,-0.07,-0.12,-0.10,0.06
53982,5951,3.91,0.12,-0.11,0.04,0.12,0.12,0.05,0.06,0.02,-0.02,-0.02,0.00,-0.02,0.08
54043,5543,3.93,-0.55,0.58,0.11,0.44,0.36,0.25,0.22,0.25,0.01,0.02,0.19,-0.09,-0.15
54469,6098,4.34,-0.43,0.37,0.13,0.26,0.15,0.16,0.15,0.20,-0.03,-0.01,0.16,0.28,0.02
54641,6168,4.29,-1.14,0.46,0.01,0.35,99.99,0.19,0.18,0.20,-0.04,0.00,0.09,-0.09,-0.20
54779,5701,4.29,-0.39,0.45,0.05,0.27,0.22,0.17,0.13,0.21,0.01,0.00,0.23,-0.04,-0.09
54924,5682,4.34,-0.80,0.61,0.10,0.38,0.32,0.23,0.26,0.28,-0.01,-0.01,0.29,-0.02,-0.11
55210,5374,4.50,-0.25,99.99,-0.03,-0.10,0.15,0.07,0.01,0.11,0.01,0.00,0.05,-0.01,-0.10
55278,6004,4.21,0.21,-0.16,0.09,-0.01,0.01,-0.01,-0.03,-0.01,-0.02,0.03,0.13,-0.06,-0.04
55592,5995,4.14,-1.02,0.55,-0.05,0.30,0.00,0.15,0.24,0.15,0.02,-0.10,0.10,-0.03,-0.09
55805,5627,4.36,-1.06,0.64,0.08,0.43,0.16,0.27,0.26,0.25,0.03,-0.02,0.08,-0.06,-0.01
56004,6091,4.36,0.13,-0.10,0.06,0.13,0.08,0.02,0.06,0.01,0.02,-0.04,0.21,-0.07,0.01
56336,5878,4.50,-0.42,0.14,0.03,0.17,0.04,0.06,0.05,0.05,-0.02,-0.03,0.00,-0.17,-0.09
56389,5833,4.28,-0.12,0.11,-0.02,0.05,-0.01,0.01,0.01,-0.01,-0.01,-0.04,0.02,-0.14,-0.05
56452,5131,4.50,-0.40,0.33,-0.04,0.15,0.15,0.10,0.02,0.15,0.08,0.01,0.17,0.36,0.31
56557,5518,4.43,-0.10,0.04,0.00,0.02,0.04,0.05,0.03,0.02,0.00,0.00,0.04,-0.06,-0.01
56664,6364,4.07,-0.68,0.35,0.15,0.22,-0.09,0.06,0.13,0.12,-0.02,-0.06,-0.11,-0.11,-0.08
56830,5000,2.99,-0.82,0.47,0.12,0.45,0.35,0.27,0.31,0.30,-0.01,0.00,0.33,0.00,-0.13
56845,5100,3.55,-0.35,0.21,0.02,0.24,0.20,0.11,0.13,0.17,0.00,-0.01,0.12,0.01,-0.08
56868,5753,4.27,-0.41,0.41,0.04,0.23,0.18,0.15,0.15,0.21,0.01,-0.01,0.17,-0.03,-0.09
57017,6380,4.35,-0.43,99.99,0.02,0.11,0.01,0.03,0.07,0.04,0.00,-0.06,-0.13,-0.05,-0.02
57216,5681,3.87,-0.35,0.15,-0.02,0.20,0.05,0.06,0.08,0.09,-0.04,-0.05,-0.02,-0.14,-0.04
57360,6102,4.20,-1.27,0.51,-0.10,0.29,99.99,0.18,0.23,0.22,0.00,-0.11,-0.26,-0.12,-0.26
58145,5977,4.39,-1.14,0.63,-0.01,0.40,0.22,0.28,0.26,0.28,0.03,-0.03,0.30,0.15,-0.03
58153,5273,3.77,-0.68,0.51,0.07,0.36,0.31,0.21,0.26,0.29,0.01,0.02,0.12,-0.01,-0.10
58401,5067,4.70,-0.77,0.57,0.03,0.33,0.28,0.22,0.21,0.43,0.12,0.04,0.29,0.14,-0.10
58517,5900,4.29,0.14,-0.05,0.05,-0.02,0.05,0.01,-0.01,0.01,-0.01,0.02,-0.02,-0.03,0.00
58576,5491,4.42,0.25,99.99,0.14,-0.05,0.03,0.07,-0.08,0.03,0.03,0.09,0.05,0.00,-0.06
58843,5726,4.41,-0.84,0.62,0.06,0.37,0.22,0.24,0.26,0.28,0.01,-0.01,-0.03,0.05,-0.03
58950,5686,4.45,-0.19,99.99,-0.02,-0.05,0.08,0.01,-0.01,0.07,0.03,-0.02,0.00,-0.05,-0.07
58962,5894,4.39,-0.86,0.39,-0.09,0.22,-0.05,0.09,0.14,0.12,0.02,-0.08,-0.03,-0.13,-0.09
59021,5909,3.83,-0.10,0.03,0.04,0.07,0.11,0.02,0.05,0.00,-0.02,-0.04,-0.02,-0.09,0.07
59380,5901,4.38,-0.58,99.99,0.07,0.17,0.07,0.07,0.08,0.08,0.01,-0.02,0.05,-0.13,-0.07
59490,6051,4.20,-1.43,0.67,0.02,0.56,0.57,0.68,0.24,0.27,0.03,0.18,0.18,0.41,0.21
59532,5595,4.37,0.07,0.07,0.04,0.02,0.06,0.07,-0.02,0.01,0.01,0.03,-0.45,-0.06,-0.09
59639,5030,4.52,-0.07,0.18,-0.07,0.05,0.04,0.04,0.02,0.12,0.04,0.04,0.05,0.12,-0.08
59696,5055,3.41,-0.74,0.57,0.11,0.39,0.38,0.29,0.29,0.28,0.03,0.05,0.22,0.43,0.51
59699,5901,4.07,-0.73,0.61,0.10,0.38,0.28,0.20,0.26,0.25,-0.04,0.00,0.14,-0.20,-0.09
60019,5984,3.90,-0.34,99.99,0.01,0.06,-0.03,0.02,0.07,0.07,-0.02,-0.03,-0.04,-0.11,0.16
60288,6154,4.21,0.11,-0.08,0.06,0.05,-0.08,0.02,0.01,0.00,-0.03,0.01,0.18,-0.08,-0.04
60462,5048,4.63,-0.50,0.26,-0.04,0.22,0.20,0.14,0.08,0.21,0.02,-0.01,0.17,0.20,-0.16
60574,5629,4.35,-0.44,0.42,0.03,0.31,0.17,0.15,0.16,0.29,0.04,0.02,0.34,0.01,-0.11
60632,6140,4.07,-1.75,0.63,-0.09,0.43,99.99,0.21,0.29,0.21,0.03,-0.03,99.99,-0.17,-0.33
60729,5779,4.12,0.10,-0.38,0.06,0.07,0.09,0.01,-0.01,-0.02,0.00,0.00,-0.07,-0.16,-0.09
60825,6456,4.30,-0.61,0.20,0.12,0.20,-0.18,0.05,0.08,0.05,-0.03,-0.06,99.99,-0.15,-0.02
60956,5295,4.46,-0.70,99.99,0.11,0.38,0.27,0.27,0.21,0.30,0.11,0.05,0.21,-0.03,-0.09
61619,6429,4.26,0.04,99.99,0.04,-0.08,99.99,0.02,0.02,-0.05,-0.03,-0.06,-0.14,0.02,0.12
61802,5379,3.47,-1.25,0.49,-0.16,0.38,0.00,0.17,0.29,0.21,-0.03,-0.10,0.03,-0.17,-0.11
61971,5322,3.57,-0.58,0.22,0.08,0.23,0.18,0.12,0.09,0.05,-0.04,-0.03,0.05,-0.17,-0.01
62108,6293,4.37,-1.53,99.99,-0.12,0.25,99.99,0.24,0.33,0.46,0.06,-0.03,0.09,0.20,-0.10
62534,5427,4.45,-0.45,0.50,0.06,0.23,0.29,0.20,0.13,0.29,0.03,0.04,0.20,0.06,-0.14
62607,5364,4.46,-0.62,0.51,0.00,0.26,0.22,0.19,0.13,0.23,0.04,0.00,0.26,0.06,-0.08
62809,5658,4.38,-0.77,99.99,0.12,0.34,0.14,0.21,0.22,0.28,0.06,0.02,0.17,-0.05,-0.11
62857,5968,4.26,0.15,99.99,0.05,0.01,0.04,0.00,-0.03,0.01,-0.01,0.00,0.02,-0.05,-0.03
63405,6543,3.87,-0.29,99.99,0.01,-0.05,99.99,0.00,0.07,0.03,-0.05,-0.10,-0.16,0.04,0.39
63548,5410,4.49,-0.13,99.99,-0.01,0.06,0.18,0.14,0.01,0.12,0.09,0.04,0.16,0.10,-0.08
63918,5786,4.08,-0.63,0.43,0.09,0.33,0.25,0.20,0.25,0.29,-0.01,-0.01,0.24,-0.01,-0.06
64345,5598,4.37,-0.60,99.99,0.11,0.31,0.28,0.23,0.22,0.31,0.08,0.04,0.19,-0.02,-0.13
64408,5667,3.87,0.13,99.99,0.12,-0.01,0.08,0.03,0.01,-0.02,0.00,0.05,0.02,-0.07,-0.08
64426,5996,4.28,-0.70,0.36,0.10,0.27,0.21,0.15,0.18,0.20,-0.04,-0.03,0.08,-0.17,-0.16
64444,6076,4.04,-0.42,0.54,0.15,0.37,0.16,0.21,0.19,0.23,-0.05,-0.01,0.15,-0.18,-0.07
64459,5839,4.06,-0.31,99.99,-0.04,0.15,0.14,0.05,0.10,0.12,-0.01,-0.05,-0.02,-0.15,-0.05
64673,5875,4.14,0.00,0.02,0.05,0.09,0.02,0.03,0.02,-0.01,-0.03,-0.01,-0.01,-0.10,-0.02
64698,5624,4.35,-0.13,0.14,-0.03,0.10,0.13,0.06,0.06,0.10,0.00,-0.03,0.04,-0.02,0.07
64706,5006,4.53,-0.13,0.18,-0.12,0.02,0.04,0.03,-0.02,0.17,0.04,-0.02,-0.01,0.16,-0.11
64747,5718,4.47,-0.21,99.99,-0.03,-0.02,0.08,0.03,0.03,0.07,0.03,-0.02,0.01,-0.07,-0.06
64792,6185,4.28,0.25,-0.14,0.07,0.01,0.05,0.00,0.06,0.04,0.00,-0.01,-0.06,-0.02,0.09
64920,4818,2.77,-0.45,99.99,0.18,0.28,0.38,0.27,0.20,0.36,0.06,0.05,0.19,0.10,-0.11
64924,5469,4.36,-0.03,0.10,-0.05,0.06,0.08,0.07,-0.01,0.04,0.02,0.00,0.00,0.03,-0.05
66238,5660,4.42,-0.22,0.14,-0.06,0.17,0.12,0.05,0.05,0.07,-0.01,-0.04,-0.01,-0.10,-0.01
66814,5169,4.62,-0.66,0.62,0.03,0.33,0.29,0.22,0.14,0.31,0.04,0.02,0.21,0.27,-0.20
67371,5803,3.97,0.31,-0.17,0.12,0.08,0.05,0.05,0.01,0.03,0.02,0.07,0.10,-0.01,-0.07
67534,5683,4.14,0.35,99.99,0.05,-0.08,0.06,0.01,-0.04,0.00,0.01,0.04,0.00,-0.09,-0.02
67784,6503,4.38,-0.10,-0.06,-0.02,0.01,-0.05,0.00,0.03,-0.01,-0.03,-0.09,-0.05,-0.04,0.10
67863,5692,4.35,-0.76,0.59,0.10,0.38,0.30,0.26,0.27,0.28,0.03,-0.02,0.24,0.08,-0.07
68273,5436,4.39,-0.44,0.50,0.04,0.21,0.26,0.20,0.13,0.27,0.04,0.04,0.28,0.06,-0.10
68464,6043,3.87,-1.82,0.55,99.99,0.32,99.99,0.12,0.20,0.23,-0.05,-0.10,99.99,-0.37,-0.33
68468,5848,4.37,0.07,-0.07,0.03,0.01,0.04,0.02,-0.01,0.01,0.01,0.01,0.02,-0.06,-0.01
68727,6368,4.07,-0.70,0.34,0.19,0.19,99.99,0.08,0.15,0.08,-0.05,-0.03,-0.04,-0.12,0.06
68796,5787,4.52,-0.50,99.99,0.04,0.04,0.10,0.04,0.07,0.12,0.03,-0.02,0.00,-0.11,0.07
69220,5698,4.43,-0.12,0.09,-0.03,0.10,0.03,0.02,0.03,0.04,0.00,-0.02,-0.02,-0.04,0.00
69645,5761,4.49,-0.02,0.00,0.01,-0.01,-0.01,0.02,0.01,0.01,0.00,0.01,0.12,0.06,0.05
69780,5823,3.91,-0.64,0.55,0.14,0.41,0.22,0.24,0.24,0.23,-0.01,0.00,0.29,-0.10,-0.09
69796,5928,4.12,-0.05,0.05,0.06,0.01,0.00,0.02,0.01,-0.01,-0.03,-0.04,0.15,-0.08,-0.06
70140,5790,4.02,-0.65,0.50,0.08,0.30,0.18,0.20,0.20,0.21,-0.02,0.00,0.18,0.02,-0.08
70182,5637,3.85,-0.59,0.30,0.02,0.32,0.23,0.18,0.20,0.19,-0.04,-0.01,0.17,-0.13,-0.03
70330,5797,4.09,0.09,-0.04,0.04,0.02,0.05,0.02,-0.01,-0.03,-0.01,0.00,-0.08,-0.14,-0.05
70681,5484,4.48,-1.30,0.82,-0.03,0.46,0.33,0.41,0.31,0.28,0.08,-0.01,0.37,0.29,0.23
70829,5471,4.47,-0.67,0.47,0.07,0.30,0.27,0.21,0.15,0.26,0.06,0.03,0.24,0.29,0.30
70922,5869,4.15,-0.75,0.53,0.05,0.39,0.26,0.23,0.28,0.26,-0.02,-0.02,0.26,-0.04,0.04
71019,5318,3.79,-0.35,0.43,0.08,0.27,0.24,0.18,0.16,0.25,0.02,0.04,0.19,-0.08,-0.14
71284,6958,4.27,-0.24,0.13,-0.02,-0.02,-0.15,0.00,0.07,0.00,-0.08,-0.10,-0.17,0.01,0.41
71470,6268,4.37,-0.62,0.23,0.12,0.18,0.08,0.10,0.08,0.05,-0.05,-0.02,0.02,-0.11,0.01
71735,5513,4.43,-0.35,0.29,-0.06,0.17,0.20,0.08,0.06,0.13,0.02,0.00,0.02,-0.02,-0.08
71844,6398,4.07,-0.67,0.33,0.10,0.14,-0.04,0.05,0.14,0.11,0.01,-0.04,-0.18,-0.08,-0.06
72479,5045,4.56,-0.03,0.37,-0.07,0.05,0.11,0.09,-0.05,0.19,0.04,0.04,0.11,0.17,-0.13
72673,6374,4.29,-0.56,0.17,0.10,0.19,0.17,0.08,0.11,0.14,-0.02,-0.01,0.00,-0.08,-0.03
72688,4864,4.60,-0.11,-0.04,0.00,-0.11,0.05,-0.04,0.17,0.23,0.18,0.00,-0.08,0.52,-0.02
72797,5198,4.72,-0.52,0.36,0.01,-0.02,0.13,0.06,0.03,0.13,0.07,-0.01,0.31,0.54,0.41
73385,5749,3.77,-1.51,0.72,-0.04,0.46,99.99,0.40,0.30,0.29,0.05,0.00,0.21,0.16,-0.02
73444,6077,4.24,-0.94,0.52,0.05,0.38,0.15,0.32,0.27,0.31,0.10,-0.03,0.20,0.96,1.29
73650,5854,4.15,-0.11,-0.05,-0.07,0.10,0.04,0.02,0.04,0.03,-0.01,-0.06,-0.08,-0.19,-0.05
74033,5794,4.10,-0.78,99.99,0.11,0.39,0.33,0.22,0.27,0.32,0.03,0.01,0.16,0.10,-0.06
74067,5695,4.38,-0.81,0.55,0.07,0.31,0.20,0.21,0.22,0.26,0.03,0.00,0.24,-0.02,-0.04
74079,5881,4.00,-0.81,0.50,0.11,0.42,0.15,0.21,0.20,0.20,-0.08,-0.03,0.12,-0.16,-0.18
74234,4977,4.76,-1.39,99.99,-0.48,0.14,99.99,-0.03,0.18,0.28,0.09,-0.14,-0.03,-0.23,-0.37
74235,5065,4.56,-1.46,99.99,-0.47,0.08,99.99,-0.05,0.18,0.21,0.04,-0.15,-0.03,-0.06,-0.39
74389,5814,4.38,0.06,-0.10,0.00,-0.02,-0.01,-0.03,0.01,0.00,0.00,-0.02,-0.06,0.05,-0.02
74500,5703,4.26,0.26,-0.06,0.13,0.07,0.06,0.06,-0.02,0.00,0.01,0.06,0.12,-0.03,-0.04
74537,5200,4.36,-0.19,0.46,0.02,0.15,0.22,0.19,0.06,0.16,0.01,0.06,0.21,0.01,-0.06
74831,5844,4.07,-0.54,0.46,0.10,0.38,0.18,0.20,0.18,0.19,0.00,-0.01,0.10,-0.11,-0.05
75023,6447,3.70,-0.46,0.79,0.07,0.37,0.18,0.22,0.23,0.25,-0.02,-0.01,0.08,-0.04,0.30
75181,5698,4.46,-0.32,0.33,0.05,0.19,0.22,0.15,0.09,0.22,0.02,0.01,0.16,-0.04,-0.10
75206,6447,3.87,0.17,-0.01,0.14,0.03,0.07,0.05,0.07,-0.01,-0.01,-0.02,-0.03,-0.01,0.37
75487,6455,4.14,-0.66,0.18,0.12,0.23,-0.14,0.09,0.11,0.13,-0.02,-0.04,-0.08,-0.13,-0.17
76226,6099,4.07,-0.64,0.25,0.04,0.23,0.13,0.09,0.12,0.07,-0.05,-0.06,0.09,-0.20,-0.04
76394,6067,4.14,-0.07,0.01,0.06,0.15,-0.07,0.03,0.03,-0.02,-0.02,-0.03,-0.07,-0.11,-0.04
76899,5782,4.30,-0.16,0.21,-0.03,0.09,0.06,0.07,0.07,0.09,-0.01,-0.03,0.08,-0.10,-0.05
76976,5658,3.57,-2.62,0.99,99.99,0.40,99.99,99.99,0.24,0.25,99.99,99.99,99.99,99.99,-1.01
76984,5723,4.15,0.01,99.99,0.02,0.03,0.11,0.05,0.02,0.05,-0.01,-0.01,0.16,-0.08,-0.02
77358,5582,4.45,0.11,-0.01,0.01,0.00,0.06,0.04,-0.01,0.03,0.04,0.03,0.00,0.07,0.02
77439,5708,3.92,-0.67,0.46,0.05,0.38,0.25,0.21,0.24,0.25,-0.01,0.01,0.12,-0.06,-0.06
77536,6208,3.89,0.08,0.01,0.12,0.09,-0.03,0.08,0.05,-0.04,-0.02,-0.03,-0.05,-0.02,0.03
77637,5777,4.03,-0.88,0.54,0.08,0.40,0.23,0.27,0.26,0.25,0.03,-0.01,0.26,0.08,0.03
77641,5556,4.48,0.22,-0.06,0.00,-0.05,0.01,0.04,-0.03,0.02,0.04,0.05,0.18,0.03,0.04
78267,5702,4.32,-0.91,0.71,0.03,0.43,0.17,0.29,0.28,0.26,0.07,-0.04,0.12,0.21,0.18
78330,5766,4.26,-0.47,0.37,0.04,0.28,0.27,0.15,0.17,0.20,-0.01,0.00,0.24,-0.12,0.01
78425,5841,4.24,-0.11,0.20,0.06,0.12,0.09,0.09,0.03,0.04,-0.01,-0.01,0.10,-0.17,-0.10
78551,5471,4.37,-0.08,0.10,-0.04,0.05,0.02,0.05,0.01,0.01,0.01,0.01,-0.02,-0.02,-0.03
78556,5761,4.27,-0.27,0.32,0.08,0.28,0.23,0.16,0.15,0.20,0.00,0.03,0.17,-0.08,-0.07
78640,6069,4.30,-1.43,99.99,-0.03,0.34,99.99,0.31,0.35,0.32,0.07,-0.04,0.12,0.12,-0.17
78917,5249,3.53,-1.03,0.46,-0.04,0.44,0.38,0.33,0.32,0.30,0.00,-0.04,0.09,0.33,0.30
78955,5940,4.40,0.37,-0.25,0.05,-0.03,0.03,-0.01,-0.04,0.04,-0.02,0.03,-0.05,-0.02,-0.09
79073,5825,3.80,0.07,-0.09,-0.02,0.07,0.05,0.01,0.04,0.05,-0.04,-0.01,-0.06,0.01,0.09
79137,4937,3.62,0.25,-0.05,-0.02,0.03,0.10,0.00,-0.05,0.09,0.07,0.04,-0.01,0.16,-0.09
79138,6211,4.26,-0.33,0.01,0.07,0.18,0.10,0.06,0.07,0.08,-0.03,-0.02,-0.09,-0.07,-0.04
79576,5492,4.54,-0.77,0.62,0.04,0.34,0.28,0.22,0.24,0.33,0.04,0.01,0.21,0.06,-0.03
79715,5767,4.35,-0.06,0.10,0.00,0.09,0.03,0.02,-0.01,-0.01,-0.02,-0.01,0.00,-0.10,-0.05
79792,5679,4.29,0.07,0.05,0.07,0.06,0.05,0.06,0.00,0.00,0.01,0.03,0.12,-0.05,-0.01
80013,5680,4.15,-0.09,0.20,0.06,0.20,0.17,0.11,0.09,0.13,-0.01,0.01,0.14,-0.11,-0.07
80043,4900,4.70,-0.44,0.03,0.02,0.16,0.16,0.05,0.14,0.31,0.20,0.01,0.01,0.14,-0.11
80114,5700,4.25,-0.67,99.99,-0.08,0.15,0.14,0.10,0.15,0.19,0.00,-0.04,0.06,-0.06,-0.04
80221,5413,4.44,-0.68,0.65,0.12,0.35,0.31,0.25,0.19,0.31,0.06,0.03,0.23,0.06,-0.19
80337,5918,4.54,0.08,-0.20,-0.15,-0.07,-0.08,-0.09,0.03,0.01,-0.01,-0.09,-0.15,0.16,0.31
80423,5630,4.41,-0.70,0.54,0.08,0.33,0.27,0.21,0.18,0.24,0.00,0.01,0.22,-0.05,-0.07
80587,5858,3.99,-0.70,0.45,0.08,0.30,0.26,0.16,0.17,0.15,-0.04,-0.04,0.08,-0.19,-0.12
80686,6143,4.49,-0.01,-0.05,-0.11,-0.05,-0.05,-0.07,0.01,-0.04,-0.02,-0.09,-0.11,0.06,0.22
80700,5330,4.41,0.01,0.14,-0.06,0.08,0.04,0.06,-0.05,0.08,0.01,0.01,0.04,0.02,-0.01
80722,6006,4.03,-0.31,0.13,0.02,0.14,0.06,0.05,0.05,0.05,-0.03,-0.04,0.21,-0.11,0.04
80837,5968,4.25,-0.74,99.99,0.11,0.36,99.99,0.21,0.21,0.28,0.01,0.02,0.17,-0.12,-0.19
81041,5773,4.02,-0.58,0.54,0.10,0.39,0.24,0.23,0.22,0.24,0.00,0.01,0.20,-0.11,-0.14
81269,5717,4.45,0.25,-0.21,0.09,-0.06,-0.02,0.03,-0.01,0.04,0.05,0.04,-0.02,-0.01,-0.06
81300,5216,4.59,-0.01,0.17,-0.07,0.03,0.00,0.08,-0.07,0.08,0.12,0.02,0.01,0.24,-0.01
81461,5748,4.28,-0.50,0.52,0.11,0.38,0.30,0.21,0.18,0.27,0.01,0.02,0.16,-0.04,-0.02
81520,5746,4.62,-0.44,0.21,-0.03,0.09,0.07,0.04,0.04,0.12,0.03,-0.02,-0.02,-0.01,0.05
81580,6112,3.77,-0.66,0.29,0.12,0.22,0.00,0.10,0.11,0.09,-0.04,-0.05,0.02,-0.11,0.02
81603,5594,4.27,-0.03,0.10,-0.02,0.06,0.08,0.04,0.05,0.04,0.02,-0.02,0.01,-0.06,-0.02
81749,5333,3.85,-0.32,0.42,0.06,0.31,0.29,0.19,0.16,0.24,-0.01,0.05,0.17,-0.08,-0.14
81952,5692,4.40,0.24,-0.05,0.19,0.03,0.16,0.05,0.05,0.13,0.07,0.05,0.02,0.09,-0.19
82062,6057,4.10,-0.55,0.19,0.02,0.20,0.05,0.08,0.08,0.08,-0.01,-0.07,-0.01,-0.12,-0.12
82265,5365,4.17,0.07,0.10,-0.04,0.03,0.10,0.05,0.02,0.03,-0.01,0.01,0.10,-0.11,-0.04
82588,5322,4.50,-0.08,0.24,-0.11,-0.05,0.01,0.03,-0.05,-0.03,0.03,-0.04,-0.03,0.21,0.13
82621,5703,3.93,0.19,-0.13,0.04,0.04,0.09,0.02,0.01,0.02,0.01,0.00,0.02,-0.08,-0.04
83204,5994,4.26,-0.30,0.08,0.03,0.12,0.07,0.05,0.04,0.04,-0.02,-0.03,0.26,-0.13,-0.08
83229,5865,4.41,-0.49,0.37,0.06,0.27,0.29,0.17,0.17,0.27,0.05,0.04,0.17,-0.09,-0.10
83241,5854,4.27,-0.17,0.11,-0.01,0.11,0.05,0.04,0.03,0.01,-0.01,-0.02,-0.01,-0.13,0.01
83276,5906,4.26,-0.07,-0.01,-0.06,0.03,-0.02,-0.01,0.03,0.01,-0.02,-0.06,-0.04,-0.14,-0.03
83301,6416,3.87,-0.35,0.17,0.05,0.09,-0.02,0.04,0.08,0.13,0.03,-0.09,-0.15,0.15,0.31
83489,5722,4.28,-0.29,0.34,0.05,0.28,0.19,0.13,0.11,0.18,0.00,0.00,0.13,-0.07,-0.03
83562,5608,4.34,-0.24,0.40,0.04,0.17,0.23,0.13,0.10,0.19,0.01,0.03,0.18,-0.02,-0.08
83601,6271,4.71,0.14,-0.17,-0.14,-0.13,-0.08,-0.09,-0.02,0.00,-0.01,-0.08,-0.10,0.00,0.14
83867,6193,3.97,-0.23,0.06,0.02,0.09,-0.10,0.02,0.03,-0.01,-0.01,-0.05,-0.12,0.02,0.11
84255,5371,4.54,-0.56,0.29,0.02,0.13,0.10,0.07,0.05,0.07,0.06,-0.02,0.01,0.01,0.08
84551,6474,3.87,0.12,99.99,-0.03,0.02,0.05,0.02,0.06,-0.01,-0.01,-0.06,-0.16,0.09,0.35
84636,5941,4.22,0.30,-0.15,0.17,-0.02,0.05,0.02,-0.06,0.04,0.00,0.07,0.04,-0.10,-0.07
84781,5306,3.78,-0.25,0.26,0.01,0.25,0.24,0.14,0.14,0.21,0.00,0.00,0.04,0.05,-0.03
84803,5669,4.01,-0.39,0.36,0.13,0.22,0.26,0.16,0.20,0.21,0.03,-0.01,0.04,-0.10,-0.15
84905,5915,4.31,-0.50,0.32,0.00,0.25,0.30,0.16,0.17,0.28,0.03,0.00,0.09,-0.02,0.01
84907,5387,4.46,-0.08,0.13,-0.05,0.01,0.02,0.06,-0.04,0.02,0.04,0.00,0.06,0.06,0.05
84988,5686,4.25,-0.70,0.54,0.09,0.35,0.24,0.22,0.23,0.24,0.02,0.00,0.19,-0.11,-0.02
85007,6064,4.32,-0.39,0.06,0.05,0.07,0.01,0.00,0.03,0.00,-0.06,-0.04,-0.06,-0.17,-0.02
85042,5648,4.46,0.00,-0.01,-0.06,0.02,0.09,0.01,-0.03,0.03,0.03,0.02,-0.03,-0.05,-0.04
85320,5030,3.46,-0.13,0.12,0.04,0.16,0.11,0.08,0.04,0.10,0.01,0.00,0.03,0.06,-0.02
85474,6500,3.71,0.21,0.45,0.28,0.31,0.20,0.10,0.08,0.09,0.00,-0.02,0.09,-0.06,0.48
85757,5526,3.91,-0.66,99.99,0.10,0.37,0.23,0.21,0.27,0.30,0.02,-0.01,0.18,0.08,-0.08
85963,6535,4.13,-0.61,0.16,0.09,0.21,-0.19,0.10,0.12,0.10,-0.05,-0.02,-0.03,-0.11,-0.15
85969,5782,4.24,0.10,-0.03,0.01,-0.02,0.00,0.01,0.01,0.00,0.01,0.00,-0.01,-0.03,0.00
86013,5760,4.30,-0.81,0.61,0.12,0.34,0.33,0.24,0.26,0.27,0.03,0.00,0.17,-0.04,-0.07
86193,5671,4.29,0.03,0.06,-0.03,0.01,0.08,0.03,0.00,0.03,-0.01,-0.01,0.26,-0.12,-0.02
86516,5609,3.70,-0.23,0.02,0.06,0.16,0.10,0.04,0.07,-0.03,-0.03,-0.05,-0.02,-0.13,0.09
86694,5986,3.87,-1.85,0.46,0.18,0.33,99.99,0.20,0.23,0.24,-0.06,-0.04,0.15,-0.04,-0.16
86731,5894,3.97,0.29,-0.15,0.14,0.03,0.07,0.05,-0.04,0.02,0.00,0.04,0.13,-0.01,-0.09
86796,5720,4.11,0.26,99.99,0.13,-0.03,0.08,0.04,-0.01,-0.01,0.02,0.04,0.08,-0.10,-0.08
87101,5709,3.67,-1.57,0.76,-0.05,0.49,0.30,0.28,0.31,0.24,-0.09,-0.12,0.13,-0.08,-0.18
87154,5616,4.13,0.13,0.03,0.03,0.10,0.11,0.06,0.05,0.06,-0.01,0.03,0.02,-0.09,-0.01
87443,5726,3.86,-0.03,-0.08,0.01,0.04,0.02,0.02,0.03,0.02,-0.03,-0.01,0.01,-0.06,0.01
87523,6135,4.19,-0.33,0.06,0.09,0.11,0.08,0.04,0.06,0.10,-0.03,-0.02,0.00,-0.03,0.09
87533,5923,4.02,-0.12,0.06,0.02,0.10,0.04,0.02,0.07,0.03,-0.02,-0.06,-0.09,-0.12,-0.03
87539,5664,3.97,-0.86,0.55,0.10,0.41,0.29,0.21,0.25,0.27,0.00,-0.03,0.10,-0.01,-0.09
87679,5357,4.34,0.11,0.16,0.02,0.06,0.09,0.09,-0.03,0.06,0.03,0.06,0.13,-0.05,0.00
87769,5765,4.29,0.02,-0.04,0.03,0.04,0.00,0.02,0.03,-0.02,0.00,-0.01,0.00,-0.03,0.00
87841,5887,4.40,0.12,-0.11,0.05,0.02,0.02,0.02,0.02,0.01,0.00,0.03,0.10,-0.01,0.00
88010,5424,4.43,-1.34,0.77,-0.22,0.34,99.99,0.14,0.30,0.22,0.06,-0.15,0.05,-0.10,-0.09
88622,5794,4.49,-0.40,0.39,0.03,0.25,0.23,0.17,0.11,0.21,0.03,0.00,0.18,-0.16,-0.07
88631,5637,4.37,0.28,-0.09,-0.06,-0.09,0.01,0.04,-0.04,0.04,0.01,0.02,-0.05,-0.04,0.01
88945,5869,4.62,0.02,99.99,-0.06,-0.08,-0.02,-0.06,0.10,0.01,0.04,-0.05,-0.14,0.10,0.26
89036,5870,4.26,-0.02,-0.03,-0.06,0.02,-0.02,-0.02,0.02,0.02,-0.02,-0.04,0.01,-0.10,-0.03
89076,5670,4.32,0.01,0.02,0.04,-0.01,0.01,0.03,0.01,-0.03,0.01,0.01,0.03,-0.04,-0.02
89105,5721,4.47,0.06,-0.03,-0.03,0.03,-0.02,0.01,0.04,0.00,0.03,-0.01,0.04,0.06,0.13
89207,5894,4.41,0.05,-0.08,-0.04,0.00,-0.04,0.00,0.03,-0.03,0.00,-0.03,-0.09,0.03,0.08
89554,6229,4.18,-1.57,0.54,-0.07,0.41,99.99,0.31,0.28,0.33,-0.07,-0.02,0.13,0.13,-0.21
89583,5384,4.39,-0.35,0.48,0.06,0.25,0.25,0.20,0.11,0.23,0.01,0.06,0.20,0.00,-0.10
89589,5846,4.08,-0.08,0.03,-0.06,0.05,0.06,0.01,0.04,0.03,-0.02,-0.05,-0.07,-0.14,-0.05
89733,5751,3.97,-0.53,0.40,0.06,0.30,0.26,0.17,0.20,0.18,-0.01,-0.01,0.11,-0.15,-0.11
89881,5398,3.67,-0.06,-0.05,0.09,0.06,0.06,0.02,0.06,0.07,0.03,-0.03,0.05,1.06,1.12
89952,6037,3.94,-0.50,0.20,0.04,0.15,0.05,0.04,0.07,0.08,-0.01,-0.05,-0.02,-0.14,-0.07
90004,5497,4.36,-0.14,0.30,0.01,0.20,0.22,0.15,0.07,0.20,0.01,0.03,0.16,-0.01,-0.03
90151,5242,4.48,0.27,0.04,0.05,0.10,0.07,0.12,-0.10,0.07,0.06,0.12,0.11,0.18,-0.14
90261,6015,4.27,-0.99,0.55,0.00,0.39,-0.20,0.29,0.29,0.33,0.02,-0.04,0.13,0.18,0.21
90365,5253,4.44,-0.21,0.31,-0.04,0.05,0.09,0.11,0.02,0.07,0.02,0.02,0.15,0.41,0.24
90442,5741,4.04,-0.47,0.40,0.05,0.29,0.27,0.16,0.17,0.17,-0.01,0.00,0.16,-0.09,-0.07
90485,6459,4.19,0.19,-0.12,0.02,0.00,0.02,0.00,0.01,0.00,-0.01,-0.04,-0.06,-0.03,0.13
90539,5263,4.43,-0.26,0.49,0.06,0.22,0.22,0.23,0.04,0.24,0.04,0.07,0.24,0.12,-0.07
90896,5718,4.31,0.22,-0.08,0.09,0.00,0.03,0.04,-0.02,0.02,0.00,0.06,0.04,-0.02,-0.09
91089,6432,4.35,-0.20,0.06,-0.01,0.01,-0.21,0.03,0.04,0.04,0.00,-0.06,-0.15,0.07,0.21
91095,5830,4.26,-0.27,0.19,0.01,0.14,0.14,0.10,0.11,0.14,-0.01,-0.01,0.20,-0.12,-0.08
91360,5208,4.46,0.20,0.17,-0.06,-0.17,0.00,0.07,-0.14,-0.02,0.01,0.09,0.14,-0.02,-0.03
91438,5538,4.47,-0.29,0.13,0.00,0.05,0.10,0.05,0.02,0.06,0.04,-0.01,-0.01,0.09,0.04
91471,4907,3.54,-0.26,0.16,-0.02,0.17,0.17,0.13,0.07,0.14,0.02,0.02,0.28,0.08,0.00
91582,5481,4.49,0.11,-0.03,0.01,-0.02,0.00,0.05,-0.06,0.07,0.04,0.04,0.03,0.04,-0.10
92270,6376,4.23,-0.05,99.99,0.01,-0.08,-0.02,0.01,0.05,-0.03,-0.07,-0.02,-0.18,-0.06,0.11
92288,5717,4.08,-0.21,0.25,0.03,0.23,0.23,0.12,0.14,0.18,-0.02,0.01,0.09,-0.13,0.01
92781,5765,4.33,-0.69,0.56,0.09,0.36,0.28,0.20,0.26,0.24,0.01,-0.02,0.15,0.20,0.27
92864,6084,4.09,0.07,-0.02,0.04,0.08,0.01,0.03,0.02,-0.02,-0.01,-0.01,0.04,0.06,-0.02
92880,5833,3.87,-0.10,0.03,0.03,0.13,0.07,0.04,0.04,0.00,-0.04,-0.03,-0.08,-0.15,-0.13
92973,5841,4.25,-0.56,0.42,0.11,0.24,0.26,0.17,0.18,0.22,0.00,0.02,0.21,-0.10,-0.12
93185,5864,4.54,-0.29,99.99,-0.02,0.05,0.02,0.05,0.05,0.06,0.01,-0.01,-0.08,0.04,0.18
93186,5966,3.67,-2.31,0.89,99.99,0.39,99.99,0.47,0.31,0.28,0.01,0.01,99.99,99.99,-0.45
93377,5547,4.40,-0.07,0.04,-0.01,0.08,0.06,0.05,0.00,0.02,0.02,0.02,-0.04,-0.07,-0.02
93507,5879,4.08,-0.73,0.56,0.20,0.38,0.27,0.22,0.26,0.26,-0.01,0.01,0.21,0.96,1.15
93889,5715,4.35,0.22,-0.11,0.08,0.01,0.02,0.06,-0.02,-0.01,0.02,0.07,0.13,-0.03,-0.04
93966,5656,4.16,0.15,0.00,0.01,0.01,0.07,0.05,0.00,0.06,0.00,0.00,0.05,-0.08,-0.12
94347,6368,4.22,-0.62,0.19,0.11,0.13,-0.15,0.02,0.08,0.02,-0.06,-0.10,-0.16,-0.08,0.15
94645,6365,4.56,0.24,-0.21,-0.05,-0.07,-0.05,-0.03,-0.05,-0.03,-0.02,-0.04,-0.06,0.00,-0.03
94678,5747,4.16,-0.17,0.23,0.05,0.18,0.18,0.09,0.10,0.12,-0.02,0.00,0.10,0.00,-0.05
95106,5852,4.44,-0.17,-0.06,-0.06,-0.03,-0.06,-0.05,0.03,0.02,0.02,-0.04,-0.03,0.06,0.13
95262,5759,4.01,-0.51,0.39,0.05,0.27,0.23,0.16,0.17,0.20,0.01,0.01,0.16,-0.09,-0.03
95447,5639,4.41,0.41,-0.09,0.06,0.02,0.04,0.05,-0.08,0.04,0.04,0.08,0.10,-0.01,-0.12
96124,5577,4.47,-0.22,0.30,0.06,0.19,0.21,0.12,0.03,0.19,0.04,0.03,0.14,-0.01,-0.08
96160,5806,4.49,-0.02,-0.05,-0.05,-0.04,-0.06,-0.02,0.02,0.01,-0.01,-0.04,-0.07,0.06,0.12
96258,6380,4.15,-0.03,99.99,-0.02,0.01,0.02,0.07,0.14,0.03,-0.05,-0.04,-0.18,0.00,0.25
96425,5394,4.42,0.13,0.09,0.02,0.09,0.06,0.08,-0.07,0.05,0.02,0.06,0.03,0.05,-0.15
96536,6462,4.14,0.10,-0.05,0.01,0.01,0.01,-0.03,0.01,-0.02,-0.05,-0.06,-0.07,-0.02,0.19
96854,5541,4.38,0.11,0.10,0.02,0.05,0.08,0.09,-0.02,0.10,0.04,0.04,0.09,-0.01,-0.10
96881,5710,4.47,0.06,0.01,0.04,-0.02,0.04,0.05,-0.01,0.01,0.03,0.03,-0.01,-0.04,-0.09
97024,5607,4.27,-0.23,0.35,0.05,0.22,0.24,0.17,0.12,0.22,0.02,0.04,0.12,0.00,-0.12
97213,5713,4.16,0.20,-0.10,0.09,0.04,0.08,0.04,-0.01,0.02,0.00,0.03,-0.07,-0.07,-0.09
97358,5638,4.50,-0.03,0.01,-0.10,-0.07,-0.05,-0.01,0.05,0.01,0.01,-0.06,-0.01,0.13,0.24
97676,5628,4.32,0.11,0.03,0.06,-0.04,0.01,0.03,0.00,0.02,0.02,0.04,0.01,-0.03,-0.01
97779,5944,4.48,0.12,-0.10,-0.05,-0.04,-0.02,-0.02,0.03,-0.02,0.01,-0.03,-0.05,0.08,0.13
98020,5379,4.51,-1.69,0.81,-0.23,0.37,99.99,0.17,0.26,0.21,0.05,-0.07,0.06,-0.20,-0.19
98355,6232,4.18,-0.62,99.99,0.08,0.17,-0.03,0.06,0.10,0.11,0.01,-0.02,-0.03,-0.13,-0.11
98416,5867,4.32,-0.08,0.08,0.01,0.06,0.08,0.01,0.08,0.02,0.02,-0.06,-0.08,0.07,0.11
98532,5718,3.85,-1.14,0.49,-0.08,0.45,0.16,0.28,0.33,0.27,0.01,-0.02,0.16,0.21,0.19
98565,6500,3.87,-0.49,0.25,0.07,0.15,-0.09,0.06,0.08,0.05,-0.01,-0.05,-0.11,-0.01,0.25
98767,5572,4.47,0.26,0.02,0.03,0.03,0.04,0.04,-0.05,0.09,0.04,0.05,0.10,0.05,-0.11
98785,6361,3.87,0.05,0.06,0.05,0.08,0.01,0.02,0.04,-0.03,-0.01,-0.07,-0.07,0.05,0.29
98964,5340,4.45,0.06,0.26,0.00,0.11,0.15,0.12,-0.06,0.15,0.02,0.05,0.10,0.11,-0.10
99100,5493,4.35,-0.09,0.27,0.00,0.12,0.15,0.10,0.02,0.12,0.01,0.03,0.16,-0.04,-0.02
99139,5612,4.32,-0.37,0.48,0.06,0.32,0.26,0.20,0.16,0.28,0.00,0.04,0.14,0.00,-0.12
99174,5682,4.48,0.17,-0.04,0.02,-0.02,-0.04,0.03,0.01,0.05,0.06,-0.01,-0.08,0.13,-0.02
99224,5684,4.28,-0.07,99.99,0.05,0.17,0.13,0.08,0.03,0.12,0.04,0.02,0.13,-0.07,-0.05
99240,5635,4.36,0.37,-0.19,0.09,-0.02,0.07,0.04,-0.03,0.04,0.02,0.05,0.10,-0.05,-0.16
99551,5828,4.23,-0.22,0.19,-0.03,0.21,0.14,0.06,0.08,0.13,-0.02,-0.03,0.15,-0.09,0.00
99799,5804,3.97,-0.29,0.09,-0.02,0.10,0.07,0.03,0.05,0.05,-0.02,-0.05,-0.02,-0.17,-0.11
100394,6537,4.07,-0.68,0.47,0.06,0.33,0.09,0.18,0.17,0.20,-0.05,-0.04,0.00,-0.08,-0.11
100405,5416,4.43,-0.53,0.41,0.01,0.17,0.18,0.12,0.07,0.12,0.05,-0.01,0.10,-0.05,-0.06
100412,6043,4.21,-0.26,0.14,-0.02,0.08,0.09,0.03,0.08,0.08,0.00,-0.05,0.01,-0.09,0.02
100568,5800,4.48,-1.10,99.99,-0.25,0.22,99.99,0.07,0.20,0.18,0.01,-0.15,-0.05,-0.09,-0.12
100792,6002,4.31,-1.11,99.99,-0.06,0.18,99.99,0.13,0.22,0.18,0.03,-0.08,0.03,-0.10,-0.15
100942,5857,4.33,0.08,-0.07,0.02,0.00,0.01,0.02,-0.01,0.02,0.00,0.01,-0.01,-0.01,-0.06
100970,5748,4.07,0.03,-0.02,-0.09,0.07,0.03,0.01,0.04,-0.02,-0.02,-0.05,0.00,-0.14,-0.03
101346,6117,3.98,-0.58,0.24,0.07,0.23,0.02,0.09,0.10,0.09,0.00,-0.05,-0.03,-0.12,-0.04
101399,5643,4.44,0.24,-0.15,0.00,-0.10,-0.05,0.00,-0.05,0.01,0.00,0.03,0.14,0.03,-0.07
101857,5712,4.26,-0.01,0.01,-0.02,0.04,0.05,0.02,-0.01,-0.01,0.00,-0.03,-0.10,-0.09,-0.09
102018,5933,4.12,0.13,-0.03,0.09,0.02,0.01,0.04,0.00,-0.06,-0.01,0.02,-0.05,-0.18,-0.11
102046,6009,4.13,-1.05,0.60,0.04,0.44,0.27,0.29,0.28,0.28,0.03,-0.01,0.11,0.09,-0.01
102200,5718,4.40,-0.48,0.26,-0.06,0.18,0.07,0.05,0.08,0.08,-0.01,-0.05,-0.01,-0.11,0.09
102264,5594,4.57,-0.24,0.10,-0.04,0.04,0.03,0.02,-0.01,0.07,0.03,-0.03,0.06,0.06,0.11
102548,5514,4.49,-0.25,0.16,-0.09,0.04,0.00,0.02,0.02,0.01,0.03,-0.06,-0.04,0.10,0.21
102580,5351,4.45,0.11,0.00,0.01,-0.03,-0.01,0.06,-0.02,-0.01,0.05,0.04,0.09,0.05,0.00
102610,5845,4.23,-0.25,0.13,-0.02,0.13,0.05,0.04,0.06,0.05,-0.02,-0.04,0.24,-0.21,-0.05
102762,5948,4.30,-0.04,-0.02,0.04,0.02,-0.03,-0.01,0.00,-0.03,-0.03,-0.03,-0.02,-0.08,0.01
102793,5770,4.03,-0.57,99.99,0.09,0.30,0.21,0.15,0.17,0.22,0.00,0.00,0.08,-0.17,-0.21
102838,5625,4.27,-0.32,0.39,0.05,0.28,0.27,0.17,0.16,0.21,0.01,0.01,0.18,-0.11,-0.04
103458,5843,4.53,-0.61,0.35,0.03,0.26,0.25,0.13,0.15,0.27,0.00,0.01,0.12,-0.08,-0.07
103498,5856,4.23,-1.11,0.61,0.08,0.43,0.23,0.24,0.25,0.26,-0.03,-0.01,0.19,-0.11,-0.29
103572,5853,4.26,-0.66,0.46,0.08,0.35,0.21,0.19,0.21,0.25,0.00,0.01,0.15,-0.13,-0.12
103609,4993,3.74,-0.31,0.41,0.13,0.35,0.34,0.22,0.20,0.28,0.04,0.06,0.18,0.01,-0.08
103654,5940,4.26,0.14,-0.09,0.08,0.08,0.05,0.03,-0.01,-0.03,-0.03,0.02,-0.02,-0.09,-0.09
103682,6023,4.41,0.33,-0.24,0.06,-0.01,0.10,0.00,-0.01,0.01,0.02,0.05,0.02,-0.08,-0.15
103692,5694,4.11,0.26,-0.07,0.11,-0.01,0.05,0.06,-0.01,-0.02,0.00,0.05,0.31,-0.12,-0.06
103735,5713,4.33,-0.26,0.19,0.06,0.15,0.13,0.03,0.12,0.05,0.05,-0.06,-0.03,-0.05,0.05
103773,5650,3.74,-0.29,0.09,0.02,0.16,0.11,0.05,0.07,0.06,-0.03,-0.04,-0.02,-0.11,0.07
103881,6493,4.14,-0.54,0.17,0.07,0.17,-0.10,0.08,0.09,0.08,-0.04,-0.05,-0.17,-0.08,0.07
103896,5724,4.49,-0.24,0.08,-0.03,0.07,0.09,0.05,0.04,0.04,-0.02,-0.04,-0.11,0.05,0.09
103990,6127,3.99,0.11,-0.05,0.11,0.12,0.05,0.04,0.04,-0.04,-0.03,0.01,0.01,-0.09,0.04
104045,5835,4.45,0.04,-0.07,-0.02,0.01,0.00,0.00,0.01,-0.02,-0.02,-0.02,-0.02,-0.01,0.02
104075,5947,4.45,-0.01,-0.08,-0.04,-0.09,-0.02,-0.05,0.07,-0.02,0.02,-0.09,-0.17,0.03,0.27
104152,5964,4.25,0.15,-0.11,0.06,0.06,0.06,0.03,0.01,0.01,-0.01,0.03,-0.04,-0.05,0.02
104294,5902,3.95,-0.44,0.25,-0.04,0.16,0.07,0.06,0.09,0.05,-0.05,-0.06,-0.06,-0.22,-0.03
104560,5802,4.42,-0.51,0.22,0.05,0.21,0.14,0.08,0.07,0.08,-0.02,-0.02,0.02,-0.13,-0.03
104659,5973,4.35,-1.08,0.46,0.11,0.41,0.25,0.21,0.22,0.23,0.02,-0.01,0.08,-0.14,-0.22
104672,6148,4.07,-0.04,-0.02,0.02,0.11,0.02,0.00,0.03,-0.02,-0.04,-0.05,-0.07,-0.09,0.02
104766,6246,4.07,-0.19,0.03,0.01,0.12,0.07,0.05,0.08,0.00,-0.04,-0.07,-0.08,-0.04,0.09
104922,5804,4.46,0.05,-0.10,0.00,0.02,0.01,0.02,0.00,-0.01,0.01,-0.01,-0.03,0.01,0.01
105083,6706,4.06,-0.21,0.20,0.03,0.16,0.03,0.02,0.06,0.02,-0.07,-0.07,0.24,-0.04,0.15
105214,5689,4.07,0.06,0.03,0.02,0.11,0.12,0.06,0.02,0.04,-0.01,0.02,0.17,-0.13,-0.05
105521,5872,4.16,0.23,-0.13,0.10,0.05,0.06,0.03,-0.02,0.01,-0.02,0.03,0.01,-0.07,-0.07
105541,5586,3.78,-0.20,0.05,0.03,0.14,0.14,0.05,0.06,0.04,-0.01,-0.02,0.08,-0.10,-0.04
105606,5607,4.42,0.30,-0.12,0.07,-0.05,0.02,0.04,-0.02,0.00,0.03,0.08,0.16,-0.03,-0.08
105790,5081,3.76,-0.28,0.29,0.03,0.23,0.25,0.16,0.11,0.19,0.02,0.03,0.14,-0.03,-0.12
105858,6195,4.36,-0.63,0.20,0.12,0.14,0.13,0.07,0.06,0.08,-0.01,-0.02,-0.03,-0.15,0.05
106006,5761,4.37,0.16,-0.09,0.09,0.02,0.05,0.04,-0.02,-0.01,0.00,0.05,0.10,-0.02,-0.06
106560,5646,4.37,-0.66,0.52,0.09,0.29,0.29,0.19,0.20,0.25,0.01,0.01,0.17,-0.09,-0.09
106678,5646,4.13,0.01,0.10,0.03,0.16,0.16,0.10,0.04,0.05,-0.01,0.01,0.06,-0.16,-0.07
106701,5701,4.50,0.08,-0.03,-0.02,-0.06,-0.02,-0.01,0.02,0.00,0.04,-0.03,0.03,0.07,0.09
106931,5508,4.46,-0.20,0.18,-0.01,0.07,0.07,0.05,-0.01,0.07,0.03,0.01,0.08,-0.09,-0.02
106951,5743,3.87,-0.24,0.03,-0.02,0.12,0.11,0.05,0.11,0.04,-0.04,-0.03,0.11,-0.12,0.01
107607,5813,3.98,-0.77,0.52,0.11,0.37,0.30,0.23,0.24,0.24,-0.02,0.00,0.09,-0.11,-0.09
107618,5702,4.27,-0.31,0.26,-0.05,0.17,0.08,0.08,0.05,0.04,0.00,-0.05,0.07,-0.13,-0.05
107708,5720,3.80,-0.45,0.15,0.08,0.16,0.15,0.05,0.07,0.08,-0.02,-0.02,0.01,-0.10,0.11
107857,5107,3.47,-0.75,0.50,0.08,0.39,0.34,0.25,0.27,0.32,0.01,0.03,0.18,0.07,-0.07
107877,6355,4.20,-0.24,0.01,-0.04,0.16,0.02,0.05,0.07,0.01,-0.03,-0.07,0.00,0.25,0.30
107975,6578,4.22,-0.47,99.99,0.09,0.11,0.01,0.04,0.09,0.15,-0.10,-0.01,-0.08,-0.07,0.22
108068,5600,4.38,-0.34,0.45,0.07,0.30,0.27,0.19,0.15,0.26,0.02,0.03,0.21,0.00,-0.08
108095,5998,4.40,-0.42,0.14,0.05,0.10,0.02,0.01,0.10,0.04,0.00,-0.06,-0.11,-0.08,0.11
108158,5613,4.30,0.03,0.19,0.02,0.09,0.13,0.09,0.01,0.11,0.02,0.02,0.08,0.00,-0.03
108288,5963,4.22,-0.31,0.13,-0.02,0.14,0.07,0.06,0.08,0.04,-0.04,-0.05,0.03,-0.16,-0.08
108468,5799,4.25,-0.08,0.03,-0.06,0.00,0.00,-0.01,0.02,-0.01,-0.02,-0.05,0.12,-0.13,-0.01
108473,5987,3.95,-0.11,0.02,0.02,0.10,0.07,0.04,0.05,-0.02,-0.02,-0.03,-0.04,-0.06,0.09
108598,5062,4.64,-0.75,0.63,0.03,0.39,0.33,0.27,0.20,0.41,0.10,0.05,0.31,0.44,-0.18
108736,5990,4.47,-0.29,0.31,0.03,0.23,0.25,0.14,0.16,0.27,0.02,0.01,0.16,-0.07,-0.11
109012,5430,4.42,0.13,0.05,-0.01,0.03,0.04,0.06,-0.04,0.03,0.02,0.07,0.19,0.03,-0.01
109086,6075,4.33,0.01,-0.10,0.06,0.05,0.01,0.01,0.00,-0.02,-0.03,0.00,-0.01,-0.08,0.01
109110,5841,4.55,0.04,-0.08,-0.06,-0.08,-0.06,-0.05,0.08,0.01,0.05,-0.07,-0.26,0.08,0.22
109144,6272,4.21,-0.08,-0.08,0.02,0.08,0.01,0.01,0.06,-0.02,-0.05,-0.06,-0.09,-0.04,0.08
109207,5496,4.43,0.19,0.07,-0.02,0.06,0.12,0.08,-0.03,0.07,0.03,0.05,0.11,0.08,0.00
109214,5976,4.11,-0.14,0.05,0.02,0.14,0.11,0.05,0.04,0.01,-0.02,-0.02,-0.04,-0.14,-0.02
109266,6224,4.34,-0.37,0.03,-0.04,0.20,0.15,0.06,0.18,0.18,-0.05,-0.04,-0.03,-0.08,0.08
109378,5540,4.51,0.24,-0.04,0.02,0.02,0.06,0.04,-0.08,0.10,0.02,0.04,0.10,0.07,-0.05
109381,5803,4.46,0.13,-0.07,0.02,-0.02,-0.05,0.01,-0.01,0.00,0.01,0.02,0.21,0.00,0.02
109450,5921,4.32,-0.06,0.01,-0.02,0.07,0.13,0.00,0.01,0.03,0.02,-0.03,0.00,-0.11,-0.04
109650,5723,4.43,-0.20,0.11,-0.05,0.02,0.00,-0.03,0.07,0.05,0.04,-0.08,-0.06,0.04,0.22
109795,5848,3.78,-0.13,0.00,0.06,0.13,0.10,0.05,0.06,-0.03,-0.03,-0.03,0.04,-0.10,0.08
109821,5797,4.45,-0.07,0.07,-0.06,0.05,0.10,-0.01,-0.01,0.09,-0.02,-0.03,-0.04,-0.08,-0.04
110028,5828,4.37,0.20,-0.13,0.05,-0.05,0.00,0.02,0.00,-0.02,0.01,0.04,-0.01,-0.04,-0.07
110035,5907,4.42,-0.14,-0.05,-0.04,0.04,0.02,0.00,0.02,0.02,-0.02,-0.03,0.16,-0.09,0.03
110084,5365,4.35,-0.27,0.38,-0.01,0.21,0.20,0.19,0.09,0.21,0.02,0.02,0.10,0.05,-0.12
110102,5796,4.07,-0.27,0.15,-0.01,0.23,0.14,0.06,0.12,0.05,0.01,-0.07,-0.02,-0.22,-0.06
110109,5825,4.38,-0.23,0.10,0.01,0.08,0.09,0.05,0.02,0.05,0.01,-0.02,0.00,-0.07,0.03
110341,6577,4.35,-0.09,-0.02,-0.04,0.05,-0.06,-0.01,0.08,0.05,-0.03,-0.08,-0.13,0.05,0.21
110454,5678,3.78,-0.26,0.03,0.02,0.15,0.04,0.01,0.05,0.01,-0.02,-0.03,0.02,-0.03,0.10
110468,4996,4.65,-0.77,0.52,0.01,0.37,0.33,0.21,0.25,0.48,0.18,0.02,0.12,0.34,-0.13
110512,5802,4.29,-0.27,0.32,0.02,0.17,0.23,0.10,0.09,0.19,0.02,0.00,0.17,-0.11,-0.03
110712,5952,4.29,0.02,-0.09,-0.04,0.03,-0.01,-0.01,0.02,-0.01,-0.02,-0.02,0.08,-0.07,0.04
110843,5656,4.41,0.29,-0.10,0.09,-0.09,0.01,0.03,-0.05,-0.01,0.02,0.06,0.05,0.01,-0.04
111274,5622,4.07,-0.17,0.30,0.06,0.22,0.24,0.13,0.10,0.17,-0.01,0.01,0.09,-0.12,-0.09
111312,5145,3.61,-0.26,0.07,0.05,0.16,0.14,0.09,0.09,0.07,0.00,0.01,0.00,-0.04,0.04
111517,5522,3.93,-0.34,0.41,0.10,0.28,0.26,0.18,0.16,0.22,-0.01,0.02,0.13,-0.07,-0.07
111565,5534,4.44,-0.48,0.49,0.06,0.34,0.28,0.21,0.19,0.26,0.05,0.04,0.29,-0.04,-0.09
111648,5282,4.52,-0.45,0.50,0.04,0.30,0.31,0.24,0.14,0.35,0.07,0.05,0.20,0.20,-0.21
111746,5638,4.41,-0.37,0.23,-0.01,0.10,0.10,0.06,0.04,0.05,0.00,-0.03,0.02,-0.10,-0.07
111978,5353,4.47,0.19,0.02,0.02,-0.06,-0.03,0.07,-0.08,-0.01,0.03,0.09,0.09,0.02,0.00
112151,5039,3.49,-0.45,99.99,0.06,0.31,0.34,0.23,0.19,0.34,0.01,0.09,0.11,0.06,-0.10
112201,5692,4.33,0.13,0.00,0.06,-0.01,0.06,0.06,0.01,0.00,0.01,0.06,-0.01,-0.03,0.01
112243,5527,4.35,-0.18,0.28,0.02,0.16,0.15,0.12,0.06,0.12,0.00,0.01,0.27,-0.07,-0.04
113044,6024,4.10,0.26,-0.19,0.08,0.05,0.10,0.03,0.02,-0.01,-0.02,0.03,0.00,0.00,-0.01
113113,5613,4.36,-0.14,0.08,-0.09,0.03,0.04,0.02,0.02,0.00,0.00,-0.05,-0.05,-0.13,-0.01
113137,5975,4.41,0.29,-0.23,0.05,-0.04,0.07,-0.01,-0.01,0.09,0.04,0.05,0.08,-0.05,-0.06
113174,6860,4.11,-0.08,99.99,-0.01,-0.07,99.99,-0.04,0.09,0.07,0.00,-0.08,-0.12,0.05,0.64
113357,5858,4.44,0.24,-0.25,0.09,-0.07,0.05,-0.02,-0.02,0.04,0.01,0.05,0.05,-0.04,-0.07
113386,5736,3.94,-0.06,-0.05,0.02,0.06,0.09,0.03,0.04,0.03,0.00,-0.01,-0.03,-0.10,-0.03
113421,5647,4.42,0.34,-0.14,0.12,0.01,0.03,-0.01,-0.07,0.03,0.03,0.05,0.04,-0.01,-0.13
113454,5665,4.41,-0.28,0.14,-0.02,0.07,0.02,0.02,0.05,0.03,0.04,-0.04,0.00,0.02,0.12
113543,5793,3.99,-0.28,0.25,0.00,0.28,0.20,0.09,0.13,0.13,0.04,-0.06,0.08,-0.11,-0.01
113677,5423,3.80,-0.12,0.06,0.00,0.10,0.09,0.05,0.05,0.04,-0.01,-0.01,0.08,-0.08,-0.01
113688,5757,4.29,-0.14,0.11,-0.09,-0.02,0.02,0.00,0.03,0.03,0.00,-0.07,-0.01,-0.06,-0.04
113777,5070,3.74,-0.24,0.29,0.04,0.23,0.25,0.16,0.13,0.23,0.00,0.06,0.21,0.01,-0.09
114040,5605,4.36,0.02,0.14,0.02,0.11,0.11,0.07,0.01,0.09,0.01,0.03,0.26,-0.06,-0.07
114333,5748,4.28,0.04,0.01,0.02,0.06,0.04,0.03,0.01,0.01,0.00,0.00,0.04,-0.07,-0.01
114450,5935,4.40,-0.05,-0.04,0.00,0.05,0.01,0.02,0.01,-0.02,-0.02,-0.04,-0.07,-0.08,0.02
114460,5386,4.44,-0.03,0.18,-0.03,0.09,0.01,0.08,-0.02,0.05,0.02,0.01,0.09,-0.01,-0.07
114576,5876,4.33,0.06,-0.03,0.04,0.09,0.08,0.03,0.00,0.05,-0.01,0.01,0.00,-0.05,-0.11
114584,5733,4.40,-0.14,0.08,-0.05,0.01,0.03,0.01,0.06,0.05,0.01,-0.04,-0.09,0.05,0.14
114590,5796,4.09,0.20,-0.11,0.07,0.05,0.07,0.05,-0.01,-0.02,-0.02,0.03,0.14,-0.08,-0.10
114615,5799,4.44,-0.05,-0.01,-0.05,-0.02,-0.06,-0.03,0.00,0.00,0.00,-0.06,-0.09,0.04,0.08
114702,6028,4.33,-0.34,0.07,0.02,0.10,0.02,0.02,0.05,0.01,-0.02,-0.04,-0.40,-0.11,-0.01
114709,5977,4.34,-0.29,0.05,0.00,0.12,0.04,0.03,0.05,0.01,-0.03,-0.06,-0.05,-0.09,0.07
114743,5343,3.77,-0.14,0.25,0.05,0.18,0.21,0.11,0.07,0.10,-0.01,0.01,0.09,-0.08,-0.07
114761,6712,4.07,-0.65,0.18,0.15,0.17,0.00,0.05,0.05,0.08,-0.05,-0.08,0.12,0.00,-0.06
114962,5935,4.32,-1.50,0.67,-0.18,0.36,99.99,0.18,0.25,0.24,-0.07,-0.18,0.12,99.99,-0.35
115286,5745,3.82,-0.08,0.05,0.02,0.18,0.11,0.05,0.05,0.01,-0.03,-0.03,0.00,-0.18,-0.11
115411,5430,4.51,-0.45,0.31,-0.02,0.15,0.13,0.09,0.05,0.09,0.00,-0.01,0.17,-0.01,0.03
115577,5648,4.30,0.00,0.20,0.01,0.11,0.16,0.09,0.03,0.11,0.01,0.02,0.20,-0.04,-0.01
115662,5937,4.32,-0.03,-0.02,0.02,0.06,0.01,0.02,0.01,-0.02,-0.03,-0.01,-0.01,-0.10,-0.02
115792,6480,4.12,-0.11,-0.01,-0.03,0.08,0.02,0.01,0.08,0.04,-0.04,-0.06,-0.08,0.07,0.27
115803,6275,4.30,0.01,-0.08,-0.02,0.03,-0.07,0.02,0.06,-0.04,-0.05,-0.07,-0.03,-0.01,0.11
115861,5618,4.26,0.25,-0.05,0.01,0.04,0.02,0.05,0.00,0.08,0.01,0.03,0.39,-0.01,-0.09
115917,6189,4.34,-0.52,0.13,0.06,0.14,0.01,0.05,0.07,0.10,-0.02,-0.05,0.09,-0.15,-0.09
116033,5856,4.31,-0.08,0.03,-0.03,0.00,0.02,0.01,0.03,0.05,-0.03,-0.03,-0.05,-0.10,-0.06
116410,5347,4.44,-0.37,0.32,-0.04,0.19,0.13,0.11,0.05,0.11,0.04,-0.02,0.06,0.00,-0.12
116421,5769,4.32,-0.43,99.99,0.05,0.29,0.34,0.21,0.21,0.34,0.01,0.05,0.05,0.02,-0.01
116478,5567,4.38,-0.07,0.08,0.02,0.08,0.07,0.08,0.01,0.01,0.01,0.00,0.04,-0.03,-0.08
116740,5765,3.86,0.07,99.99,0.07,0.28,0.07,0.02,0.18,-0.08,-0.03,-0.05,0.12,-0.15,0.15
116906,5792,4.36,0.02,-0.03,0.01,0.03,0.04,0.01,0.01,0.03,-0.03,0.00,0.01,-0.09,0.01
117320,5853,4.07,0.16,-0.13,0.01,-0.01,-0.04,0.01,0.00,0.02,-0.02,0.00,-0.09,-0.09,-0.13
117364,5819,4.31,-0.05,-0.03,-0.06,0.10,0.08,0.02,0.05,0.03,-0.04,-0.03,-0.06,-0.09,0.00
117526,5540,4.35,0.20,-0.11,-0.03,-0.03,-0.02,0.03,-0.04,0.06,0.02,0.02,-0.10,0.09,-0.04
117627,5338,3.70,-0.36,0.17,-0.03,0.20,0.22,0.09,0.11,0.09,0.00,-0.04,0.03,-0.10,-0.04
117880,6236,4.46,0.21,-0.20,0.02,-0.03,0.04,-0.04,0.01,0.05,-0.02,0.01,-0.03,-0.05,-0.06
117902,5588,4.39,0.16,0.05,-0.01,0.11,0.12,0.07,-0.02,0.07,0.03,0.04,0.34,-0.02,-0.01
117961,5620,3.91,0.04,-0.03,-0.04,0.08,0.09,0.01,0.04,-0.01,-0.02,-0.05,0.29,-0.15,-0.02
118010,5822,4.28,-0.07,99.99,-0.07,0.04,0.11,0.02,0.04,0.09,-0.02,-0.03,0.00,-0.09,0.07
118115,5833,4.39,0.02,-0.08,-0.07,0.01,0.05,-0.04,0.00,0.06,-0.02,-0.04,-0.06,-0.14,-0.05
118141,6157,3.77,-0.38,0.17,0.06,0.19,0.05,0.09,0.08,0.03,-0.03,-0.07,-0.06,-0.09,0.11
118143,5476,4.47,0.05,0.03,0.03,0.03,0.01,0.05,-0.03,-0.01,0.02,0.03,0.02,0.05,0.00
