HIP,HD,Teff,logg,Fe/H,O/H,Na/H,Mg/H,Al/H,Si/H,Ca/H,Ti/H,Cr/H,Ni/H,Zn/H,Y/H,Ba/H
    80,224817,5856, 4.10,-0.59,-0.17,-0.51,-0.30,-0.34,-0.43,-0.42,-0.39,-0.63,-0.61,-0.46,-0.72,-0.68
   305,225155,5607, 4.01,0.18,0.22,0.19,0.29,0.31,0.23,0.21,0.20,0.16,0.19,0.38,0.02,0.16
   407,225299,5655, 4.37,0.12,0.07,0.11,0.11,0.08,0.14,0.13,0.09,0.15,0.13,0.10,0.12,0.13
   699,400,6203, 4.07,-0.23,99.76,-0.18,-0.17,-0.21,-0.18,-0.15,-0.22,-0.27,-0.26,-0.29,-0.32,-0.06
   768,489,5716, 4.31,0.03,0.16,0.11,0.11,0.07,0.08,0.07,0.06,0.05,0.02,-0.05,-0.03,-0.02
   910,693,6289, 4.17,-0.33,99.66,-0.24,-0.30,-0.30,-0.26,-0.24,-0.23,-0.35,-0.33,-0.41,-0.39,-0.15
   950,739,6547, 4.14,-0.02,-0.02,-0.02,-0.08,-0.04,-0.02,0.07,-0.04,-0.06,-0.09,-0.16,0.02,0.33
  1128,967,5522, 4.37,-0.64,0.03,-0.59,-0.23,-0.30,-0.41,-0.41,-0.32,-0.55,-0.63,-0.42,-0.55,-0.69
  1349,1273,5705, 4.47,-0.54,-0.34,-0.50,-0.41,-0.48,-0.49,-0.42,-0.44,-0.50,-0.58,-0.54,-0.56,-0.53
  1599,1581,5932, 4.33,-0.19,-0.19,-0.19,-0.14,-0.11,-0.14,-0.13,-0.14,-0.20,-0.22,-0.23,-0.22,-0.08
  1746,1779,5473, 4.48,-0.47,0.03,-0.44,-0.13,-0.20,-0.27,-0.33,-0.24,-0.44,-0.45,-0.27,-0.46,-0.54
  1877,1985,5089, 3.42,-0.30,-0.28,-0.23,-0.11,-0.12,-0.19,-0.20,-0.20,-0.29,-0.29,-0.27,-0.30,-0.23
  1931,2039,5990, 4.45,0.34,0.09,0.42,0.36,0.36,0.36,0.33,0.37,0.34,0.37,0.22,0.29,0.31
  1955,2070,6024, 4.31,-0.01,-0.07,0.01,0.06,0.01,-0.01,0.02,0.01,-0.02,-0.03,-0.35,-0.06,0.01
  1976,2098,5982, 4.32,0.19,0.04,0.18,0.27,0.23,0.21,0.19,0.14,0.16,0.16,0.27,-0.02,0.19
  2021,2151,5852, 3.91,-0.07,-0.08,-0.01,0.01,0.05,-0.04,-0.05,-0.06,-0.09,-0.09,-0.03,-0.19,-0.04
  2057,2221,5248, 3.61,-0.18,-0.15,-0.16,-0.04,-0.06,-0.11,-0.11,-0.16,-0.17,-0.18,-0.09,-0.21,-0.19
  2194,2404,5211, 4.50,-0.60,-0.05,-0.58,-0.35,-0.34,-0.36,-0.47,-0.36,-0.57,-0.56,-0.28,-0.52,-0.64
  2235,2454,6595, 4.07,-0.29,99.70,-0.19,-0.24,-0.36,-0.23,-0.16,-0.23,-0.37,-0.33,-0.38,0.32,0.53
  2319,2615,6396, 3.97,-0.55,-0.34,-0.45,-0.31,-0.50,-0.45,-0.43,-0.42,-0.58,-0.60,-0.51,-0.61,-0.41
  2711,3158,6499, 4.22,0.06,0.01,0.15,0.05,0.03,0.07,0.20,0.04,0.04,-0.01,-0.01,0.13,0.26
  2743,3222,4991, 4.57,-0.41,-0.06,-0.46,-0.11,-0.18,-0.26,-0.23,-0.05,-0.30,-0.37,-0.35,-0.11,-0.46
  2787,3229,6583, 3.87,-0.11,99.88,-0.12,-0.14,-0.17,-0.11,-0.01,-0.08,-0.14,-0.18,-0.26,-0.11,0.46
  2909,3403,5743, 4.07,-0.15,0.07,-0.12,0.12,0.02,-0.04,-0.07,-0.01,-0.17,-0.16,-0.02,-0.28,-0.25
  3026,3567,6157, 4.19,-1.13,98.86,-1.34,-1.00,98.86,-1.00,-0.87,-0.86,-1.11,-1.23,-1.12,-1.22,-1.24
  3086,3628,5825, 4.34,-0.10,-0.02,-0.14,-0.03,0.00,-0.09,-0.05,0.05,-0.10,-0.12,-0.01,-0.18,-0.11
  3142,3735,6198, 4.18,-0.38,-0.30,-0.31,-0.26,-0.30,-0.34,-0.28,-0.28,-0.38,-0.41,-0.45,-0.48,-0.36
  3170,3823,5963, 4.05,-0.24,-0.12,-0.24,-0.03,-0.09,-0.18,-0.15,-0.17,-0.21,-0.26,-0.26,-0.38,-0.21
  3182,3810,5643, 4.32,-0.29,0.14,-0.24,-0.03,-0.04,-0.12,-0.17,-0.06,-0.26,-0.26,-0.17,-0.31,-0.41
  3185,3795,5335, 3.88,-0.59,-0.08,-0.46,-0.32,-0.25,-0.37,-0.36,-0.26,-0.52,-0.56,-0.38,-0.46,-0.47
  3391,4113,5600, 4.30,0.16,0.13,0.28,0.19,0.21,0.22,0.16,0.16,0.17,0.22,0.41,0.09,0.13
  3479,4208,5563, 4.40,-0.26,0.00,-0.29,-0.14,-0.15,-0.20,-0.25,-0.18,-0.24,-0.30,-0.21,-0.32,-0.39
  3497,4308,5638, 4.41,-0.32,0.07,-0.30,-0.11,-0.07,-0.18,-0.21,-0.09,-0.28,-0.30,-0.18,-0.40,-0.45
  3704,4597,6078, 4.40,-0.35,-0.28,-0.35,-0.31,-0.28,-0.35,-0.30,-0.26,-0.37,-0.38,-0.30,-0.43,-0.29
  3734,4607,6225, 3.99,-0.06,0.02,-0.06,0.10,-0.06,-0.04,-0.01,-0.04,-0.09,-0.13,-0.18,-0.02,0.11
  3909,4813,6352, 4.45,-0.03,99.96,-0.11,-0.07,-0.08,-0.08,0.00,-0.03,-0.08,-0.09,-0.16,0.00,0.13
  4830,6168,6046, 4.16,0.12,0.00,0.18,0.23,0.16,0.13,0.12,0.09,0.08,0.11,0.16,0.04,0.05
  4892,6234,5994, 4.42,-0.29,-0.26,-0.28,-0.23,-0.21,-0.27,-0.24,-0.27,-0.32,-0.33,-0.21,-0.37,-0.23
  5054,6434,5768, 4.33,-0.62,-0.06,-0.51,-0.23,-0.33,-0.37,-0.38,-0.34,-0.61,-0.59,-0.21,-0.33,-0.22
  5264,6753,5720, 3.83,0.00,-0.05,0.03,0.11,0.06,0.02,0.04,-0.02,-0.05,-0.02,0.26,-0.06,0.01
  5301,6718,5686, 4.39,-0.11,-0.10,-0.14,-0.09,-0.09,-0.11,-0.11,-0.12,-0.09,-0.14,0.07,-0.14,-0.08
  5315,6734,4971, 3.41,-0.46,0.04,-0.29,-0.10,-0.11,-0.22,-0.27,-0.15,-0.43,-0.42,-0.18,-0.38,-0.61
  5700,7573,5792, 4.34,0.04,0.07,-0.03,0.12,0.11,0.04,0.05,0.11,0.05,-0.01,0.02,-0.04,-0.02
  5817,7621,5292, 4.39,-0.08,0.29,-0.12,0.16,0.13,0.09,0.00,0.11,-0.05,-0.03,0.04,-0.07,-0.08
  5862,7570,6145, 4.24,0.17,100.16,0.23,0.21,0.19,0.19,0.17,0.15,0.18,0.16,0.08,-0.04,0.05
  6177,8049,5026, 4.56,-0.11,0.17,-0.17,-0.08,-0.05,-0.09,-0.05,0.04,-0.02,-0.11,-0.08,0.03,-0.15
  6607,8638,5451, 4.47,-0.44,0.05,-0.37,-0.18,-0.17,-0.24,-0.31,-0.16,-0.41,-0.41,-0.26,-0.46,-0.54
  6653,8648,5841, 4.34,0.22,0.05,0.28,0.22,0.23,0.25,0.21,0.25,0.22,0.25,0.22,0.20,0.18
  6856,9054,5036, 4.52,-0.10,0.18,-0.15,-0.22,-0.09,-0.16,0.08,0.05,0.08,-0.17,-0.13,0.19,0.17
  6949,9195,5005, 3.35,-0.50,-0.17,-0.41,-0.21,-0.21,-0.31,-0.32,-0.24,-0.50,-0.49,-0.37,-0.43,-0.60
  7080,9280,5691, 4.12,0.35,0.17,0.38,0.40,0.39,0.41,0.35,0.40,0.38,0.39,0.38,0.37,0.24
  7091,9424,5284, 4.36,0.02,0.26,0.02,0.06,0.07,0.12,-0.02,0.06,0.03,0.06,0.14,-0.07,-0.04
  7162,,5217, 2.97,-2.05,97.94,-2.23,-1.69,97.94,-1.79,-1.84,-1.89,-1.97,-2.17,97.94,-2.23,-2.22
  7276,9562,6038, 4.28,0.28,-0.02,0.33,0.26,0.30,0.26,0.22,0.28,0.25,0.31,0.31,0.19,0.19
  7961,10519,5648, 3.91,-0.62,-0.07,-0.48,-0.24,-0.25,-0.38,-0.35,-0.33,-0.60,-0.61,-0.46,-0.70,-0.78
  7978,10647,6219, 4.41,0.05,-0.10,-0.04,-0.02,-0.02,0.01,0.09,0.04,0.06,-0.02,-0.06,0.13,0.26
  8398,11112,5918, 4.23,0.20,0.10,0.31,0.32,0.31,0.26,0.19,0.19,0.18,0.23,0.22,0.16,0.15
  8498,11264,5712, 4.31,0.04,0.07,0.09,0.08,0.08,0.07,0.05,0.04,0.05,0.05,0.15,-0.01,0.02
  8572,,5931, 3.77,-2.62,97.37,97.37,97.37,97.37,97.37,-2.16,-2.10,97.37,-2.49,97.37,97.37,-2.88
  8674,11397,5526, 4.45,-0.61,-0.15,-0.55,-0.35,-0.36,-0.43,-0.45,-0.35,-0.60,-0.61,-0.40,0.06,0.11
  8758,11523,5920, 4.29,0.00,-0.03,0.01,0.00,-0.01,0.02,0.03,0.03,-0.02,-0.02,-0.04,-0.05,-0.02
  8798,11505,5749, 4.37,-0.23,0.05,-0.21,0.00,0.00,-0.10,-0.12,-0.04,-0.22,-0.22,-0.02,-0.29,-0.30
  8859,11592,6420, 4.21,-0.30,-0.22,-0.29,-0.15,-0.27,-0.26,-0.24,-0.28,-0.35,-0.37,-0.43,-0.36,-0.20
  9085,12042,6334, 4.29,-0.26,99.73,-0.25,-0.14,-0.29,-0.21,-0.18,-0.21,-0.28,-0.31,-0.32,-0.52,-0.14
  9137,11963,6310, 4.25,-0.33,-0.27,-0.28,-0.15,-0.26,-0.24,-0.23,-0.28,-0.36,-0.39,-0.34,-0.42,-0.22
  9316,12333,5606, 3.88,0.10,0.05,0.21,0.18,0.18,0.13,0.13,0.10,0.11,0.14,0.41,0.01,0.09
  9381,12387,5673, 4.35,-0.28,0.06,-0.21,-0.04,-0.03,-0.14,-0.21,-0.11,-0.27,-0.25,-0.14,-0.35,-0.37
  9471,12696,5653, 4.13,0.04,0.11,0.06,0.18,0.23,0.11,0.11,0.14,0.02,0.06,0.15,-0.10,-0.01
  9629,12724,5362, 4.45,-0.28,0.11,-0.28,-0.14,-0.12,-0.17,-0.25,-0.11,-0.24,-0.29,-0.21,-0.19,-0.36
  9818,13033,5579, 4.04,-0.05,0.17,0.00,0.09,0.14,0.06,0.03,0.09,-0.06,-0.02,0.17,-0.12,-0.10
  9911,13043,5920, 4.24,0.08,0.04,0.16,0.18,0.17,0.13,0.09,0.09,0.07,0.09,0.25,-0.04,0.03
 10116,13578,5855, 4.06,-0.01,-0.05,0.02,-0.01,0.03,0.01,0.03,0.03,-0.02,-0.02,-0.04,-0.12,-0.11
 10225,13602,6480, 4.20,0.03,0.19,0.17,0.30,0.17,0.16,0.16,0.13,0.03,0.01,0.13,-0.10,0.10
 10306,13555,6507, 3.96,-0.19,99.80,-0.12,-0.14,-0.10,-0.14,-0.11,-0.14,-0.24,-0.22,-0.29,-0.11,0.24
 10483,13992,6113, 4.29,-0.12,-0.17,-0.10,-0.11,-0.11,-0.13,-0.12,-0.15,-0.16,-0.17,-0.13,-0.23,-0.15
 10492,13945,5769, 4.46,0.34,0.16,0.51,0.27,0.33,0.36,0.29,0.39,0.37,0.41,0.38,0.37,0.27
 10694,14398,5870, 4.29,0.12,0.13,0.12,0.21,0.19,0.12,0.09,0.16,0.10,0.11,0.12,0.05,0.00
 10798,14412,5302, 4.61,-0.51,-0.21,-0.49,-0.43,-0.38,-0.41,-0.50,-0.39,-0.46,-0.51,-0.41,-0.44,-0.44
 10842,14747,5457, 4.34,-0.36,0.11,-0.34,-0.03,-0.07,-0.17,-0.24,-0.14,-0.29,-0.36,-0.20,-0.34,-0.51
 10977,14680,5014, 4.57,-0.14,-0.13,-0.23,-0.16,-0.12,-0.16,-0.16,-0.02,-0.04,-0.15,-0.15,0.12,-0.09
 11072,14802,5917, 3.96,0.00,-0.03,0.07,0.05,0.08,0.03,0.02,0.02,0.00,0.00,0.01,-0.08,0.01
 11205,15018,5445, 4.38,-0.06,0.07,-0.10,0.00,-0.01,0.00,-0.06,-0.03,-0.05,-0.05,-0.03,-0.09,-0.09
 11309,15029,6195, 3.99,-0.34,99.65,-0.26,-0.26,-0.26,-0.27,-0.27,-0.30,-0.40,-0.33,-0.41,-0.47,-0.24
 11586,15515,6391, 4.01,-0.45,-0.28,-0.37,-0.26,99.54,-0.40,-0.36,-0.37,-0.49,-0.50,-0.59,-0.51,-0.39
 12048,16141,5751, 3.99,0.12,0.02,0.07,0.24,0.21,0.14,0.14,0.10,0.09,0.10,0.07,-0.08,0.04
 12186,16417,5885, 4.23,0.18,-0.01,0.10,0.14,0.26,0.15,0.17,0.21,0.16,0.16,0.18,0.08,0.08
 12306,16397,5832, 4.44,-0.52,99.47,-0.46,-0.24,-0.33,-0.37,-0.39,-0.28,-0.50,-0.47,-0.45,-0.63,-0.55
 12381,16609,6195, 4.07,-0.23,-0.06,-0.24,-0.05,-0.24,-0.15,-0.15,-0.20,-0.27,-0.29,-0.18,-0.06,-0.17
 12411,16714,5513, 4.45,-0.14,0.03,-0.18,-0.06,-0.03,-0.09,-0.13,-0.06,-0.13,-0.15,-0.06,-0.18,-0.28
 12444,16673,6383, 4.41,0.09,-0.10,0.04,0.05,-0.01,0.09,0.14,0.06,0.10,0.01,-0.01,0.19,0.33
 12483,16784,5703, 3.87,-0.70,-0.07,-0.59,-0.33,-0.50,-0.44,-0.44,-0.46,-0.71,-0.72,-0.53,-0.78,-0.73
 12611,17006,5431, 3.97,0.36,0.09,0.44,0.28,0.44,0.36,0.34,0.43,0.34,0.40,0.49,0.38,0.26
 12653,17051,6375, 4.73,0.27,0.00,0.21,0.16,0.16,0.19,0.25,0.29,0.27,0.24,0.16,0.37,0.39
 12889,17322,5999, 4.23,-0.13,-0.09,-0.09,-0.02,-0.07,-0.10,-0.09,-0.13,-0.17,-0.16,-0.14,-0.22,-0.18
 13315,18003,5674, 3.84,-0.32,-0.25,-0.29,-0.17,-0.23,-0.28,-0.28,-0.30,-0.35,-0.36,-0.11,-0.39,-0.23
 13341,18025,5821, 4.34,0.03,0.01,0.07,0.05,0.11,0.05,0.04,0.05,0.03,0.03,0.01,-0.02,-0.01
 13350,18024,5431, 4.39,-0.18,0.00,-0.21,-0.09,-0.12,-0.12,-0.15,-0.15,-0.15,-0.18,-0.09,-0.22,-0.18
 13366,17820,5856, 4.26,-0.69,-0.15,-0.59,-0.32,-0.46,-0.47,-0.45,-0.41,-0.68,-0.70,-0.47,-0.72,-0.80
 13388,17970,5080, 4.59,-0.41,-0.05,-0.39,-0.18,-0.12,-0.23,-0.34,-0.03,-0.28,-0.35,-0.18,-0.14,-0.55
 13513,18168,5159, 4.58,0.06,0.17,0.08,0.05,0.16,0.12,0.02,0.23,0.21,0.09,0.06,0.30,-0.10
 13848,18563,5425, 4.47,0.22,0.28,0.23,0.30,0.31,0.34,0.17,0.29,0.27,0.31,0.52,0.20,0.19
 13902,18709,5898, 4.31,-0.26,-0.12,-0.30,-0.13,-0.22,-0.24,-0.19,-0.19,-0.26,-0.31,-0.40,-0.40,-0.29
 13938,18618,6372, 4.18,0.07,-0.02,0.15,0.16,0.04,0.13,0.13,0.02,0.05,0.03,-0.09,0.03,0.10
 14016,18732,5418, 3.95,-0.17,0.08,-0.09,0.13,0.10,-0.02,-0.06,-0.01,-0.17,-0.14,-0.03,-0.26,-0.25
 14023,18702,5180, 4.42,0.14,0.28,0.16,0.17,0.15,0.20,0.05,0.15,0.17,0.19,0.22,0.13,0.05
 14086,18907,5095, 3.47,-0.56,-0.23,-0.52,-0.14,-0.21,-0.33,-0.28,-0.20,-0.52,-0.55,-0.37,-0.45,-0.67
 14241,19034,5430, 4.33,-0.45,0.14,-0.40,-0.07,-0.11,-0.21,-0.28,-0.15,-0.35,-0.42,-0.23,-0.31,-0.58
 14339,19423,5757, 4.26,-0.06,0.01,-0.12,0.00,-0.07,-0.03,-0.04,0.01,-0.07,-0.10,0.02,-0.13,-0.08
 14561,19603,6107, 4.20,0.31,0.16,0.43,0.41,0.40,0.37,0.30,0.28,0.29,0.33,0.29,0.26,0.13
 14879,20010,6199, 3.92,-0.18,-0.09,-0.17,-0.08,-0.13,-0.15,-0.13,-0.15,-0.20,-0.24,-0.25,-0.23,0.04
 14954,19994,6424, 4.54,0.31,0.03,0.40,0.27,0.33,0.30,0.25,0.36,0.31,0.31,0.33,0.32,0.24
 15131,20407,5985, 4.54,-0.43,99.56,-0.32,-0.33,-0.38,-0.40,-0.40,-0.35,-0.43,-0.42,-0.42,-0.66,-0.50
 15158,20259,6191, 4.18,-0.06,-0.01,-0.02,0.02,-0.06,-0.02,-0.03,-0.07,-0.10,-0.10,-0.07,-0.08,-0.06
 15371,20807,5826, 4.41,-0.24,-0.14,-0.26,-0.16,-0.16,-0.19,-0.20,-0.20,-0.24,-0.26,-0.22,-0.36,-0.21
 15381,20477,5882, 4.24,0.08,0.03,0.14,0.16,0.14,0.13,0.09,0.06,0.07,0.09,0.09,-0.02,-0.06
 15510,20794,5372, 4.47,-0.46,99.53,-0.39,-0.13,-0.14,-0.24,-0.33,-0.14,-0.43,-0.40,-0.16,-0.27,-0.69
 15940,21252,5546, 3.91,-0.44,-0.06,-0.39,-0.18,-0.21,-0.29,-0.28,-0.23,-0.47,-0.45,-0.28,-0.53,-0.50
 16169,21543,5650, 4.34,-0.57,-0.06,-0.51,-0.25,-0.32,-0.37,-0.40,-0.34,-0.56,-0.55,-0.42,-0.69,-0.73
 16365,21938,5789, 4.27,-0.43,-0.06,-0.37,-0.16,-0.27,-0.30,-0.27,-0.21,-0.42,-0.44,-0.14,-0.50,-0.46
 16391,22019,5699, 4.11,-0.05,0.02,-0.04,0.13,0.12,0.00,0.05,0.09,-0.06,-0.06,0.13,-0.11,0.02
 16404,,5149, 4.64,-2.26,97.73,-2.66,-2.01,97.73,97.73,-2.03,-1.95,-2.14,-2.25,-1.91,-2.38,-2.65
 16492,22083,5058, 3.53,-0.54,-0.12,-0.48,-0.15,-0.21,-0.31,-0.32,-0.27,-0.53,-0.50,-0.37,-0.55,-0.60
 16788,22309,6021, 4.41,-0.31,99.68,-0.25,-0.17,-0.17,-0.28,-0.24,-0.21,-0.35,-0.28,-0.22,0.49,0.57
 16852,22484,6036, 4.08,-0.03,-0.06,0.03,0.03,0.04,-0.01,0.00,-0.02,-0.04,-0.05,-0.03,-0.10,0.04
 17147,22879,5970, 4.52,-0.81,-0.28,-0.75,-0.46,-0.48,-0.58,-0.57,-0.48,-0.78,-0.80,-0.72,-0.69,-0.82
 17378,23249,5113, 3.84,0.20,-0.14,0.27,0.22,0.26,0.21,0.19,0.26,0.25,0.23,0.33,0.23,0.06
 17970,24558,5204, 4.50,-0.49,-0.18,-0.56,-0.32,-0.36,-0.36,-0.44,-0.36,-0.48,-0.49,-0.31,-0.53,-0.54
 17987,24156,5500, 3.90,-0.48,0.02,-0.39,-0.12,-0.20,-0.28,-0.29,-0.26,-0.50,-0.45,-0.33,-0.57,-0.61
 18164,24424,6635, 3.87,-0.53,-0.36,-0.45,-0.43,-0.97,-0.53,-0.52,-0.50,-0.57,-0.61,-0.78,-0.61,-0.29
 18331,24742,6534, 4.23,0.16,0.12,0.15,0.36,0.19,0.19,0.20,0.17,0.12,0.12,0.06,-0.03,0.27
 18612,25059,5847, 4.33,-0.13,-0.08,-0.15,-0.06,-0.08,-0.13,-0.11,-0.11,-0.13,-0.15,-0.03,-0.22,-0.21
 18802,25704,5861, 4.14,-0.93,-0.37,-0.84,-0.56,-0.75,-0.74,-0.70,-0.75,-0.97,-0.96,-0.76,-1.11,-1.07
 18833,25322,6301, 3.91,-0.53,99.46,-0.46,-0.50,-0.33,-0.46,-0.41,-0.44,-0.63,-0.51,-0.62,-0.58,-0.33
 19233,26491,5803, 4.29,-0.07,-0.06,-0.09,0.00,-0.04,-0.06,-0.05,-0.08,-0.08,-0.10,-0.14,-0.19,-0.11
 19773,27305,6429, 4.25,-0.52,-0.38,-0.47,-0.38,-0.58,-0.46,-0.42,-0.42,-0.54,-0.56,-0.51,-0.64,-0.54
 20199,27631,5638, 4.40,-0.16,0.06,-0.17,-0.02,-0.01,-0.08,-0.09,-0.02,-0.15,-0.17,-0.08,-0.16,-0.20
 20242,27485,5717, 4.11,-0.23,99.76,-0.23,-0.10,-0.02,-0.20,-0.07,-0.12,-0.23,-0.24,-0.20,-0.34,-0.17
 20489,27939,5840, 4.33,0.28,0.06,0.38,0.25,0.28,0.31,0.25,0.32,0.29,0.34,0.33,0.27,0.13
 20638,28187,5755, 4.34,-0.46,-0.02,-0.37,-0.14,-0.19,-0.28,-0.27,-0.19,-0.43,-0.44,-0.30,-0.56,-0.57
 20677,28701,5674, 4.17,-0.32,0.06,-0.27,-0.01,-0.10,-0.15,-0.15,-0.12,-0.31,-0.29,-0.15,-0.12,-0.17
 21079,28904,5792, 4.43,-0.11,-0.08,-0.18,-0.16,-0.19,-0.14,-0.07,-0.10,-0.09,-0.20,-0.24,0.02,0.10
 21731,30306,5530, 4.39,0.22,0.17,0.19,0.19,0.22,0.27,0.17,0.28,0.25,0.24,0.31,0.29,0.15
 21832,29587,5643, 4.48,-0.60,99.39,-0.53,-0.31,-0.33,-0.41,-0.44,-0.33,-0.56,-0.53,-0.45,-0.69,-0.61
 21839,29941,5804, 4.00,-0.15,-0.15,-0.18,0.00,-0.09,-0.11,-0.09,-0.12,-0.19,-0.20,-0.05,-0.33,-0.21
 22068,30273,6202, 4.18,-1.42,98.57,-1.39,-1.10,98.57,-1.15,-1.12,-1.08,-1.44,-1.45,-1.36,-1.44,-1.57
 22162,30395,5785, 4.04,0.08,-0.02,0.02,0.09,0.14,0.06,0.07,0.07,0.05,0.06,-0.09,0.12,0.13
 22263,30495,5790, 4.54,0.02,0.09,-0.09,-0.04,0.00,-0.01,0.06,0.03,0.05,-0.04,-0.01,0.16,0.19
 22278,30864,5738, 4.27,0.15,-0.02,0.14,0.16,0.19,0.17,0.14,0.16,0.16,0.16,0.11,0.06,0.14
 22325,30606,6497, 4.36,0.21,-0.03,0.17,0.15,0.14,0.17,0.21,0.27,0.18,0.14,0.08,0.30,0.36
 22336,30562,5923, 4.06,0.26,0.05,0.32,0.31,0.39,0.29,0.31,0.26,0.25,0.28,0.20,0.23,0.26
 22349,30455,5758, 4.35,-0.35,0.00,-0.26,-0.11,-0.11,-0.20,-0.22,-0.14,-0.34,-0.33,-0.22,-0.44,-0.47
 22395,30774,5750, 4.46,0.06,0.08,0.09,0.03,0.05,0.06,0.12,0.07,0.09,0.07,0.19,0.05,0.14
 22632,31128,5909, 4.22,-1.62,-0.87,-1.67,-1.23,98.37,-1.35,-1.32,-1.36,-1.68,-1.68,-1.53,-1.85,-1.91
 22824,31460,5934, 4.07,-0.13,-0.12,-0.14,0.04,-0.02,-0.08,-0.05,-0.09,-0.14,-0.16,-0.12,-0.23,-0.15
 23383,32793,5409, 4.37,-0.22,0.11,-0.21,-0.08,-0.05,-0.08,-0.18,-0.06,-0.21,-0.19,-0.06,-0.20,-0.27
 23555,32820,6466, 4.64,0.22,0.06,0.25,0.20,0.22,0.20,0.19,0.26,0.24,0.18,0.13,0.28,0.21
 23941,33256,6406, 3.94,-0.24,-0.04,-0.18,-0.17,-0.13,-0.17,-0.14,-0.23,-0.27,-0.30,-0.38,-0.26,0.05
 24037,33449,5441, 4.34,-0.50,0.01,-0.44,-0.22,-0.23,-0.30,-0.34,-0.25,-0.48,-0.46,-0.11,-0.44,-0.56
 24682,34705,5242, 3.62,-0.34,-0.56,-0.32,-0.22,-0.24,-0.27,-0.27,-0.28,-0.36,-0.35,-0.24,-0.46,-0.42
 24722,35828,5580, 4.36,-0.28,0.15,-0.21,-0.09,-0.05,-0.14,-0.19,-0.07,-0.25,-0.27,-0.12,-0.27,-0.37
 24819,34673,4872, 4.62,-0.21,-0.31,-0.22,-0.22,-0.12,-0.28,-0.15,0.13,-0.03,-0.23,-0.22,0.03,-0.25
 24829,35072,6411, 4.07,0.07,100.06,0.05,0.07,0.07,0.06,0.09,0.06,0.03,0.00,-0.09,0.32,0.31
 25209,35241,6848, 4.07,0.00,0.24,0.06,0.07,-0.05,0.01,0.02,0.00,-0.02,-0.06,0.02,0.03,0.34
 25528,35930,6336, 3.87,-0.40,0.14,-0.24,-0.02,-0.17,-0.20,-0.19,-0.14,-0.41,-0.40,-0.29,-0.49,-0.27
 25905,36443,5480, 4.42,-0.23,-0.10,-0.25,-0.16,-0.14,-0.17,-0.21,-0.16,-0.18,-0.24,-0.16,-0.12,-0.25
 26273,37213,5429, 3.76,-0.40,-0.31,-0.45,-0.18,-0.24,-0.36,-0.32,-0.28,-0.39,-0.48,-0.33,-0.48,-0.44
 26641,37634,5506, 4.68,-0.60,99.39,99.39,-0.64,99.39,99.39,-0.60,-0.39,-0.59,-0.62,99.39,-0.57,-0.60
 26828,37739,6457, 4.14,-0.34,99.65,-0.17,-0.16,-0.16,-0.16,-0.16,-0.15,-0.41,-0.31,-0.26,-0.48,-0.36
 27072,38393,6323, 4.16,-0.02,99.97,-0.03,-0.03,0.02,-0.01,0.08,-0.05,-0.05,-0.11,-0.17,-0.04,0.13
 27080,39194,5144, 4.56,-0.67,-0.06,-0.65,-0.34,-0.34,-0.44,-0.54,-0.35,-0.58,-0.61,-0.53,-0.49,-0.86
 27128,38510,5892, 4.02,-0.88,-0.29,-0.80,-0.50,-0.63,-0.63,-0.65,-0.65,-0.93,-0.91,-0.61,-0.97,-0.90
 27910,40053,5113, 4.42,0.01,0.19,-0.09,0.01,0.04,0.07,-0.08,0.10,0.06,0.05,0.04,0.07,-0.09
 28044,39954,5361, 3.61,-0.07,-0.05,-0.07,0.11,0.07,0.01,-0.02,-0.03,-0.05,-0.10,-0.11,0.01,-0.10
 28066,39881,5655, 4.12,-0.17,0.11,-0.12,0.00,0.04,-0.04,-0.07,-0.04,-0.15,-0.16,-0.06,-0.19,-0.23
 28159,40040,5668, 4.06,-0.40,99.59,-0.34,-0.24,-0.14,-0.22,-0.25,-0.19,-0.35,-0.40,-0.17,-0.57,-0.53
 28267,40397,5444, 4.29,-0.16,0.10,-0.13,-0.03,0.02,-0.05,-0.10,-0.03,-0.12,-0.15,0.01,-0.17,-0.26
 28369,40673,6940, 3.97,-0.15,0.36,-0.10,-0.05,-0.37,-0.12,-0.10,-0.13,-0.17,-0.21,-0.27,-0.12,0.27
 28403,40865,5668, 4.31,-0.33,-0.17,-0.41,-0.15,-0.19,-0.28,-0.29,-0.26,-0.34,-0.39,-0.30,-0.48,-0.40
 28671,250792,5396, 4.39,-1.11,98.88,-1.23,-1.00,-1.11,-0.95,-0.82,-0.84,-1.01,-1.24,-0.96,-1.15,-1.10
 29271,43834,5517, 4.48,0.07,0.18,0.10,0.05,0.10,0.13,0.03,0.10,0.10,0.13,0.10,0.10,-0.03
 29716,43318,6337, 3.89,-0.08,0.02,-0.07,-0.04,-0.04,-0.07,0.02,-0.04,-0.12,-0.15,-0.15,-0.04,0.25
 30158,44665,5708, 4.35,0.05,-0.06,0.07,0.20,0.16,0.07,0.06,0.06,0.06,0.05,0.04,-0.03,-0.07
 30439,45228,5353, 3.79,-0.57,-0.08,-0.51,-0.21,-0.28,-0.35,-0.31,-0.27,-0.56,-0.56,-0.41,-0.51,-0.65
 30476,45289,5665, 4.14,-0.06,0.07,-0.03,0.14,0.13,0.02,0.01,0.00,-0.07,-0.07,0.24,-0.25,-0.12
 30480,45701,5980, 4.37,0.25,0.08,0.33,0.23,0.27,0.21,0.19,0.25,0.23,0.28,0.28,0.46,0.29
 30503,45184,5845, 4.43,0.06,0.03,0.06,0.03,0.07,0.05,0.06,0.05,0.06,0.03,0.04,0.10,0.09
 30545,45067,6042, 3.89,-0.03,-0.08,-0.01,0.01,0.05,0.00,0.03,-0.02,-0.05,-0.08,-0.05,-0.08,0.09
 31030,46114,5129, 3.48,-0.44,-0.26,-0.43,-0.23,-0.28,-0.35,-0.34,-0.32,-0.44,-0.45,-0.37,-0.49,-0.51
 32649,49773,5385, 3.87,-0.26,0.11,-0.18,-0.02,0.01,-0.10,-0.12,-0.04,-0.26,-0.21,-0.12,-0.33,-0.38
 33094,50806,5612, 4.03,0.04,0.15,0.11,0.17,0.19,0.12,0.08,0.14,0.02,0.07,0.34,0.01,-0.07
 33220,51133,6767, 4.07,-0.64,-0.23,-0.50,-0.30,-0.62,-0.46,-0.49,-0.44,-0.68,-0.68,-0.47,-0.76,-0.85
 33324,51929,5826, 4.24,-0.68,-0.18,-0.58,-0.31,-0.46,-0.46,-0.48,-0.46,-0.67,-0.67,-0.52,-0.79,-0.76
 33582,51754,5773, 4.11,-0.62,-0.18,-0.56,-0.26,-0.36,-0.44,-0.42,-0.43,-0.66,-0.60,-0.43,-0.80,-0.77
 33642,52415,5754, 4.09,-0.24,-0.06,-0.21,-0.06,-0.06,-0.16,-0.12,-0.12,-0.25,-0.25,-0.09,-0.33,-0.24
 34017,52711,5920, 4.42,-0.12,99.87,-0.13,-0.08,-0.06,-0.11,-0.08,-0.09,-0.10,-0.14,0.44,-0.19,-0.13
 34028,53522,5224, 3.37,-0.11,0.15,0.00,0.02,0.00,-0.10,0.02,-0.05,-0.05,-0.12,-0.18,-0.12,-0.12
 34065,53705,5751, 4.14,-0.25,-0.06,-0.24,-0.07,-0.14,-0.18,-0.17,-0.17,-0.26,-0.28,-0.21,-0.43,-0.32
 34069,53706,5169, 4.40,-0.31,0.08,-0.32,-0.22,-0.17,-0.19,-0.28,-0.17,-0.27,-0.29,-0.14,-0.25,-0.43
 34212,55197,6199, 4.26,-0.04,-0.01,0.00,0.02,-0.09,-0.04,-0.04,-0.07,-0.10,-0.09,-0.14,-0.24,-0.15
 34254,54177,5600, 3.82,-0.04,-0.06,0.04,0.12,0.00,0.02,0.00,-0.03,-0.07,-0.05,-0.10,-0.18,-0.08
 34285,,5984, 4.26,-0.96,-0.68,-1.25,-0.79,-1.16,-0.94,-0.83,-0.87,-0.95,-1.18,-0.92,-1.24,-1.18
 34410,54941,6197, 4.01,-0.26,-0.20,-0.20,-0.08,-0.22,-0.21,-0.22,-0.26,-0.28,-0.30,-0.08,-0.37,-0.21
 34511,54351,5789, 4.44,-0.11,-0.06,-0.15,-0.12,-0.14,-0.12,-0.11,-0.11,-0.12,-0.15,-0.17,-0.10,-0.03
 34739,55720,5409, 4.40,-0.35,0.06,-0.34,-0.12,-0.11,-0.20,-0.24,-0.18,-0.33,-0.32,-0.22,-0.37,-0.42
 34961,56380,5277, 4.41,-0.44,-0.03,-0.38,-0.17,-0.16,-0.26,-0.34,-0.18,-0.40,-0.40,-0.18,-0.30,-0.54
 35139,56274,5771, 4.47,-0.52,-0.38,-0.48,-0.31,-0.44,-0.45,-0.46,-0.44,-0.52,-0.55,-0.43,-0.61,-0.46
 35148,56451,5869, 4.07,-0.20,-0.08,-0.22,-0.12,-0.19,-0.19,-0.15,-0.15,-0.20,-0.25,-0.12,-0.33,-0.24
 35318,57306,5972, 3.97,-0.54,-0.25,-0.50,-0.36,-0.46,-0.47,-0.45,-0.49,-0.56,-0.61,-0.53,-0.74,-0.54
 35718,57678,5310, 4.46,-0.06,0.29,-0.07,0.01,0.07,0.07,-0.07,0.06,-0.05,-0.03,0.10,-0.04,-0.09
 35750,,5004, 4.54,0.04,0.03,-0.11,0.05,0.02,0.06,-0.06,0.16,0.08,0.03,0.01,0.14,-0.05
 36210,59468,5564, 4.38,0.03,0.10,0.04,0.06,0.11,0.09,0.01,0.07,0.08,0.05,0.05,0.02,-0.01
 36269,59392,6152, 3.97,-1.66,-1.16,98.33,-1.26,98.33,-1.50,-1.33,-1.35,-1.73,-1.64,98.33,-1.48,-1.74
 36491,59374,5869, 4.31,-0.95,-0.41,-0.84,-0.51,-0.63,-0.69,-0.71,-0.70,-0.93,-0.93,-0.88,-1.02,-1.12
 36515,59967,5859, 4.52,0.00,-0.07,-0.09,-0.06,-0.05,-0.04,0.03,0.02,0.03,-0.08,-0.07,0.10,0.24
 36795,60532,6348, 3.89,-0.10,99.89,-0.12,-0.07,-0.17,-0.11,-0.04,-0.08,-0.13,-0.17,-0.20,-0.06,0.08
 36849,60319,6012, 4.16,-0.84,-0.42,-0.71,-0.53,-0.72,-0.69,-0.66,-0.62,-0.89,-0.88,-0.69,-1.00,-0.98
 36855,59875,5648, 4.35,0.13,100.12,0.12,0.24,0.23,0.13,0.07,0.19,0.17,0.19,0.29,0.14,0.05
 36874,60298,5854, 4.46,-0.02,99.97,-0.10,-0.02,0.07,-0.03,-0.03,0.06,-0.02,-0.02,-0.01,-0.10,-0.02
 36993,60521,5985, 4.49,0.21,100.20,0.21,0.15,0.22,0.21,0.19,0.21,0.24,0.21,0.13,0.20,0.26
 37171,61447,5562, 4.33,0.13,0.12,0.34,0.14,0.20,0.21,0.08,0.14,0.17,0.23,0.24,0.11,-0.05
 37233,61383,5694, 4.02,-0.47,-0.12,-0.46,-0.15,-0.18,-0.27,-0.22,-0.17,-0.50,-0.44,-0.41,-0.48,-0.49
 37419,61986,5715, 4.38,-0.33,-0.19,-0.38,-0.25,-0.25,-0.30,-0.29,-0.30,-0.35,-0.38,-0.32,-0.45,-0.40
 37520,62128,5920, 4.37,0.41,100.40,0.53,0.41,0.40,0.40,0.37,0.41,0.40,0.43,0.52,0.33,0.36
 37789,62301,5979, 4.22,-0.63,99.36,-0.61,-0.36,-0.54,-0.49,-0.50,-0.44,-0.63,-0.63,-0.59,-0.75,-0.61
 37853,63077,5852, 4.24,-0.81,-0.25,-0.66,-0.40,-0.55,-0.61,-0.55,-0.52,-0.81,-0.81,-0.58,-0.88,-0.90
 38134,63598,5837, 4.23,-0.89,-0.26,-0.78,-0.49,-0.65,-0.65,-0.60,-0.62,-0.83,-0.88,-0.72,-0.86,-0.89
 38541,64090,5316, 4.60,-1.84,98.15,-1.95,-1.54,98.15,-1.57,-1.54,-1.52,-1.67,-1.89,-1.63,-1.87,-2.05
 38625,64606,5188, 4.40,-0.91,-0.18,-0.82,-0.53,-0.59,-0.64,-0.67,-0.60,-0.83,-0.88,-0.68,-0.86,-1.06
 38750,64815,5763, 3.92,-0.35,0.06,-0.25,-0.03,-0.12,-0.17,-0.14,-0.12,-0.35,-0.35,-0.08,-0.37,-0.39
 38782,66010,5683, 4.08,-0.05,0.10,-0.03,0.05,0.10,0.01,-0.02,0.01,-0.08,-0.08,-0.03,-0.22,-0.12
 38862,65243,5749, 4.35,-0.19,-0.07,-0.21,-0.07,-0.12,-0.14,-0.14,-0.17,-0.20,-0.20,0.02,-0.27,-0.20
 38926,64913,5998, 4.42,-0.36,99.63,-0.34,-0.30,-0.31,-0.30,-0.29,-0.28,-0.36,-0.39,-0.43,-0.47,-0.35
 39911,68089,5598, 4.45,-0.84,-0.35,-0.82,-0.49,-0.59,-0.67,-0.63,-0.60,-0.84,-0.83,-0.69,-0.88,-0.91
 40613,69611,5794, 4.13,-0.63,99.36,-0.50,-0.22,-0.26,-0.39,-0.36,-0.32,-0.65,-0.58,-0.52,-0.69,-0.70
 40761,69809,5893, 4.43,0.25,100.24,0.37,0.28,0.31,0.32,0.22,0.29,0.30,0.31,0.27,0.21,0.22
 40794,70854,5730, 4.15,-0.32,-0.02,-0.26,-0.03,-0.11,-0.18,-0.14,-0.10,-0.33,-0.31,-0.20,-0.46,-0.40
 41471,71431,5876, 3.89,-0.04,0.00,0.01,0.07,-0.05,-0.01,-0.02,-0.05,-0.08,-0.06,-0.02,-0.08,-0.07
 41544,71089,6701, 4.21,-0.14,99.85,-0.01,-0.15,99.85,-0.14,-0.03,-0.14,-0.24,-0.16,99.85,-0.03,-0.08
 42356,73226,5962, 4.42,0.17,100.16,0.23,0.14,0.19,0.19,0.17,0.17,0.16,0.20,0.19,0.15,0.14
 42612,73955,5802, 4.10,-0.03,-0.03,-0.11,-0.01,-0.01,-0.04,-0.01,-0.01,-0.05,-0.09,-0.09,-0.18,-0.10
 42734,74011,5841, 4.07,-0.55,99.44,-0.41,-0.28,-0.26,-0.42,-0.28,-0.27,-0.54,-0.54,-0.50,-0.71,-0.61
 42889,75070,5725, 4.15,-0.33,0.01,-0.28,-0.14,-0.10,-0.20,-0.16,-0.11,-0.36,-0.34,-0.16,-0.43,-0.43
 43054,74930,5816, 4.14,-0.03,-0.05,-0.08,0.08,0.02,-0.05,0.02,0.01,-0.05,-0.09,-0.07,-0.14,-0.07
 43393,75530,5213, 4.51,-0.61,0.05,-0.55,-0.26,-0.30,-0.36,-0.45,-0.30,-0.57,-0.56,-0.40,-0.61,-0.72
 44075,76932,5937, 4.22,-0.90,99.09,-0.87,-0.53,-0.64,-0.67,-0.64,-0.59,-0.91,-0.91,-0.79,-0.81,-0.89
 44319,77486,5990, 4.32,0.12,0.01,0.15,0.19,0.19,0.13,0.13,0.11,0.12,0.14,0.31,0.05,0.13
 44441,77408,6453, 4.32,-0.07,99.92,-0.09,-0.06,-0.16,-0.12,-0.03,-0.04,-0.13,-0.15,-0.22,-0.08,0.20
 44713,78429,5823, 4.34,0.14,0.09,0.09,0.17,0.25,0.15,0.14,0.18,0.15,0.12,0.13,0.09,0.05
 44821,78746,4933, 4.62,-0.12,-0.07,-0.20,-0.09,-0.11,-0.15,-0.07,0.10,0.01,-0.08,-0.20,0.17,-0.17
 44860,78558,5701, 4.29,-0.48,99.51,-0.37,-0.13,-0.17,-0.25,-0.27,-0.19,-0.45,-0.41,-0.28,-0.49,-0.51
 44896,78612,5808, 4.09,-0.23,-0.12,-0.26,-0.10,-0.19,-0.20,-0.18,-0.15,-0.26,-0.30,-0.23,-0.36,-0.25
 44915,78752,6108, 3.97,0.14,0.02,0.23,0.17,0.16,0.17,0.17,0.11,0.12,0.13,0.20,0.13,0.12
 44927,78670,5997, 3.93,-0.18,0.20,-0.06,0.13,0.12,-0.01,-0.04,0.01,-0.21,-0.19,-0.04,-0.30,-0.19
 45283,79601,5830, 4.27,-0.63,99.36,-0.53,-0.25,-0.51,-0.42,-0.39,-0.33,-0.62,-0.59,-0.48,-0.62,-0.73
 45514,80033,5302, 3.82,-0.27,0.03,-0.19,-0.02,-0.03,-0.11,-0.17,-0.08,-0.27,-0.25,-0.06,-0.29,-0.38
 45733,80863,5981, 4.40,-0.47,-0.08,-0.45,-0.23,-0.37,-0.32,-0.34,-0.32,-0.49,-0.49,-0.34,-0.61,-0.49
 46685,82398,5414, 4.35,-0.08,0.19,-0.04,0.05,0.08,0.03,-0.06,0.06,-0.07,-0.03,0.12,-0.12,-0.18
 46888,82798,5776, 3.89,-0.07,-0.11,-0.06,0.03,-0.04,-0.06,-0.02,-0.05,-0.09,-0.09,0.00,-0.07,0.05
 47048,83220,6630, 4.12,-0.50,-0.34,-0.37,-0.23,-0.63,-0.44,-0.40,-0.48,-0.60,-0.59,-0.64,-0.63,-0.45
 47588,84038,5755, 4.11,-0.38,-0.06,-0.31,-0.17,-0.17,-0.24,-0.21,-0.15,-0.41,-0.37,-0.16,-0.45,-0.48
 48152,84937,6541, 4.23,-1.92,-1.49,98.07,-1.64,98.07,-1.66,-1.59,-1.53,-1.95,-1.95,-1.81,-1.84,-1.67
 48468,85725,5968, 3.87,0.11,0.09,0.22,0.17,0.19,0.17,0.14,0.11,0.09,0.12,0.13,0.03,0.13
 49285,87320,5520, 4.29,-0.21,0.14,-0.16,0.00,-0.06,-0.08,-0.15,-0.07,-0.18,-0.22,-0.06,-0.21,-0.25
 49793,88261,5764, 4.33,-0.63,99.36,-0.54,-0.32,-0.33,-0.43,-0.43,-0.36,-0.59,-0.59,-0.45,-0.66,-0.75
 49942,88371,5676, 4.36,-0.27,99.72,-0.22,-0.06,0.03,-0.08,-0.11,-0.01,-0.23,-0.24,-0.13,-0.33,-0.39
 49988,88446,6003, 4.02,-0.43,-0.28,-0.43,-0.27,-0.37,-0.40,-0.35,-0.37,-0.45,-0.49,-0.43,0.10,0.33
 50274,89615,5174, 4.45,-0.34,-0.08,-0.44,-0.24,-0.25,-0.24,-0.33,-0.21,-0.34,-0.36,-0.29,-0.28,-0.41
 50316,88986,5877, 4.17,0.06,100.05,0.07,0.05,0.12,0.08,0.07,0.09,0.03,0.05,0.08,-0.06,0.01
 50671,89707,6014, 4.33,-0.38,-0.25,-0.31,-0.29,-0.40,-0.34,-0.32,-0.35,-0.41,-0.41,-0.27,-0.49,-0.29
 50713,89777,5263, 4.46,-0.11,0.06,-0.20,-0.02,-0.08,-0.03,-0.14,-0.07,-0.12,-0.12,0.15,-0.10,-0.13
 50834,,6552, 4.23,-0.27,-0.19,-0.21,-0.14,-0.35,-0.22,-0.21,-0.27,-0.30,-0.36,-0.46,-0.31,-0.18
 50907,90054,6205, 4.27,0.33,0.14,0.51,0.35,0.33,0.37,0.32,0.29,0.32,0.39,0.54,0.17,0.18
 50941,90197,5480, 3.67,-0.71,-0.10,-0.60,-0.30,-0.40,-0.44,-0.42,-0.41,-0.74,-0.72,-0.53,-0.68,-0.76
 51028,90422,5999, 3.74,-0.68,-0.36,-0.53,-0.46,-0.82,-0.58,-0.60,-0.64,-0.70,-0.73,-0.78,-0.83,-0.71
 51078,90520,6008, 4.16,0.25,0.09,0.36,0.37,0.33,0.31,0.26,0.26,0.24,0.31,0.40,0.21,0.25
 51477,91121,5756, 3.97,-1.00,98.99,-1.03,-0.66,-0.89,-0.65,-0.71,-0.72,-1.02,-1.00,-0.77,-0.76,-0.76
 51579,91204,5896, 4.23,0.20,100.19,0.33,0.18,0.24,0.24,0.19,0.19,0.19,0.24,0.30,0.14,0.12
 51614,91369,5992, 3.90,0.15,0.00,0.23,0.26,0.24,0.18,0.19,0.14,0.12,0.16,0.02,0.10,0.23
 51933,91889,6089, 4.12,-0.18,-0.08,-0.18,-0.14,-0.10,-0.14,-0.11,-0.13,-0.18,-0.22,-0.23,-0.21,0.02
 51938,91980,5712, 3.98,-0.41,0.04,-0.35,-0.01,-0.08,-0.22,-0.21,-0.13,-0.39,-0.42,-0.20,-0.43,-0.45
 52247,92643,5262, 3.65,-0.46,-0.09,-0.35,-0.26,-0.29,-0.38,-0.35,-0.36,-0.43,-0.47,-0.55,-0.41,-0.23
 52325,92655,5668, 4.39,-0.03,0.05,-0.01,0.05,0.04,0.00,-0.01,0.00,-0.02,-0.04,-0.01,-0.09,-0.16
 52564,93199,4885, 3.05,-0.45,0.06,-0.28,-0.25,-0.22,-0.43,-0.22,-0.36,-0.32,-0.48,-0.50,-0.42,-0.22
 52990,93932,6006, 4.31,0.07,-0.04,0.13,0.09,0.07,0.07,0.05,0.07,0.05,0.09,0.07,-0.03,-0.03
 53122,94410,5696, 3.99,-0.52,-0.03,-0.43,-0.17,-0.27,-0.30,-0.30,-0.27,-0.51,-0.51,-0.13,-0.54,-0.55
 53311,94518,5859, 4.15,-0.56,99.43,-0.46,-0.25,-0.24,-0.38,-0.36,-0.30,-0.57,-0.55,-0.46,-0.01,0.21
 53719,95338,5068, 4.41,0.09,0.22,0.00,0.04,0.12,0.15,-0.01,0.14,0.13,0.14,0.16,0.10,0.01
 53765,95280,6116, 4.33,-0.28,-0.16,-0.30,-0.15,-0.30,-0.26,-0.23,-0.28,-0.36,-0.35,-0.40,-0.38,-0.22
 53982,95761,5951, 3.91,0.12,0.01,0.16,0.24,0.24,0.17,0.18,0.14,0.10,0.10,0.12,0.10,0.20
 54043,95925,5543, 3.93,-0.55,0.03,-0.44,-0.11,-0.19,-0.30,-0.33,-0.30,-0.54,-0.53,-0.36,-0.64,-0.70
 54469,,6098, 4.34,-0.43,-0.06,-0.30,-0.17,-0.28,-0.27,-0.28,-0.23,-0.46,-0.44,-0.27,-0.15,-0.41
 54641,97320,6168, 4.29,-1.14,-0.68,-1.13,-0.79,98.85,-0.95,-0.96,-0.94,-1.18,-1.14,-1.05,-1.23,-1.34
 54779,97507,5701, 4.29,-0.39,0.06,-0.34,-0.12,-0.17,-0.22,-0.26,-0.18,-0.38,-0.39,-0.16,-0.43,-0.48
 54924,97783,5682, 4.34,-0.80,-0.19,-0.70,-0.42,-0.48,-0.57,-0.54,-0.52,-0.81,-0.81,-0.51,-0.82,-0.91
 55210,98281,5374, 4.50,-0.25,99.74,-0.28,-0.35,-0.10,-0.18,-0.24,-0.14,-0.24,-0.25,-0.20,-0.26,-0.35
 55278,98459,6004, 4.21,0.21,0.05,0.30,0.20,0.22,0.20,0.18,0.20,0.19,0.24,0.34,0.15,0.17
 55592,,5995, 4.14,-1.02,-0.47,-1.07,-0.72,-1.02,-0.87,-0.78,-0.87,-1.00,-1.12,-0.92,-1.05,-1.11
 55805,,5627, 4.36,-1.06,-0.42,-0.98,-0.63,-0.90,-0.79,-0.80,-0.81,-1.03,-1.08,-0.98,-1.12,-1.07
 56004,99804,6091, 4.36,0.13,0.03,0.19,0.26,0.21,0.15,0.19,0.14,0.15,0.09,0.34,0.06,0.14
 56336,100394,5878, 4.50,-0.42,-0.28,-0.39,-0.25,-0.38,-0.36,-0.37,-0.37,-0.44,-0.45,-0.42,-0.59,-0.51
 56389,100504,5833, 4.28,-0.12,-0.01,-0.14,-0.07,-0.13,-0.11,-0.11,-0.13,-0.13,-0.16,-0.10,-0.26,-0.17
 56452,100623,5131, 4.50,-0.40,-0.07,-0.44,-0.25,-0.25,-0.30,-0.38,-0.25,-0.32,-0.39,-0.23,-0.04,-0.09
 56557,101532,5518, 4.43,-0.10,-0.06,-0.10,-0.08,-0.06,-0.05,-0.07,-0.08,-0.10,-0.10,-0.06,-0.16,-0.11
 56664,100980,6364, 4.07,-0.68,-0.33,-0.53,-0.46,-0.77,-0.62,-0.55,-0.56,-0.70,-0.74,-0.79,-0.79,-0.76
 56830,101259,5000, 2.99,-0.82,-0.35,-0.70,-0.37,-0.47,-0.55,-0.51,-0.52,-0.83,-0.82,-0.49,-0.82,-0.95
 56845,101285,5100, 3.55,-0.35,-0.14,-0.33,-0.11,-0.15,-0.24,-0.22,-0.18,-0.35,-0.36,-0.23,-0.34,-0.43
 56868,101372,5753, 4.27,-0.41,0.00,-0.37,-0.18,-0.23,-0.26,-0.26,-0.20,-0.40,-0.42,-0.24,-0.44,-0.50
 57017,101612,6380, 4.35,-0.43,99.56,-0.41,-0.32,-0.42,-0.40,-0.36,-0.39,-0.43,-0.49,-0.56,-0.48,-0.45
 57216,101976,5681, 3.87,-0.35,-0.20,-0.37,-0.15,-0.30,-0.29,-0.27,-0.26,-0.39,-0.40,-0.37,-0.49,-0.39
 57360,102200,6102, 4.20,-1.27,-0.76,-1.37,-0.98,98.72,-1.09,-1.04,-1.05,-1.27,-1.38,-1.53,-1.39,-1.53
 58145,,5977, 4.39,-1.14,-0.51,-1.15,-0.74,-0.92,-0.86,-0.88,-0.86,-1.11,-1.17,-0.84,-0.99,-1.17
 58153,103588,5273, 3.77,-0.68,-0.17,-0.61,-0.32,-0.37,-0.47,-0.42,-0.39,-0.67,-0.66,-0.56,-0.69,-0.78
 58401,104006,5067, 4.70,-0.77,-0.20,-0.74,-0.44,-0.49,-0.55,-0.56,-0.34,-0.65,-0.73,-0.48,-0.63,-0.87
 58517,104212,5900, 4.29,0.14,0.09,0.19,0.12,0.19,0.15,0.13,0.15,0.13,0.16,0.12,0.11,0.14
 58576,104304,5491, 4.42,0.25,100.24,0.39,0.20,0.28,0.32,0.17,0.28,0.28,0.34,0.30,0.25,0.19
 58843,104800,5726, 4.41,-0.84,-0.22,-0.78,-0.47,-0.62,-0.60,-0.58,-0.56,-0.83,-0.85,-0.87,-0.79,-0.87
 58950,104982,5686, 4.45,-0.19,99.80,-0.21,-0.24,-0.11,-0.18,-0.20,-0.12,-0.16,-0.21,-0.19,-0.24,-0.26
 58962,105004,5894, 4.39,-0.86,-0.47,-0.95,-0.64,-0.91,-0.77,-0.72,-0.74,-0.84,-0.94,-0.89,-0.99,-0.95
 59021,105113,5909, 3.83,-0.10,-0.07,-0.06,-0.03,0.01,-0.08,-0.05,-0.10,-0.12,-0.14,-0.12,-0.19,-0.03
 59380,105837,5901, 4.38,-0.58,99.41,-0.51,-0.41,-0.51,-0.51,-0.50,-0.50,-0.57,-0.60,-0.53,-0.71,-0.65
 59490,106038,6051, 4.20,-1.43,-0.76,-1.41,-0.87,-0.86,-0.75,-1.19,-1.16,-1.40,-1.25,-1.25,-1.02,-1.22
 59532,106116,5595, 4.37,0.07,0.14,0.11,0.09,0.13,0.14,0.05,0.08,0.08,0.10,-0.38,0.01,-0.02
 59639,106275,5030, 4.52,-0.07,0.11,-0.14,-0.02,-0.03,-0.03,-0.05,0.05,-0.03,-0.03,-0.02,0.05,-0.15
 59696,,5055, 3.41,-0.74,-0.17,-0.63,-0.35,-0.36,-0.45,-0.45,-0.46,-0.71,-0.69,-0.52,-0.31,-0.23
 59699,106411,5901, 4.07,-0.73,-0.12,-0.63,-0.35,-0.45,-0.53,-0.47,-0.48,-0.77,-0.73,-0.59,-0.93,-0.82
 60019,107038,5984, 3.90,-0.34,99.65,-0.33,-0.28,-0.37,-0.32,-0.27,-0.27,-0.36,-0.37,-0.38,-0.45,-0.18
 60288,107509,6154, 4.21,0.11,0.03,0.17,0.16,0.03,0.13,0.12,0.11,0.08,0.12,0.29,0.03,0.07
 60462,107859,5048, 4.63,-0.50,-0.24,-0.54,-0.28,-0.30,-0.36,-0.42,-0.29,-0.48,-0.51,-0.33,-0.30,-0.66
 60574,108081,5629, 4.35,-0.44,-0.02,-0.41,-0.13,-0.27,-0.29,-0.28,-0.15,-0.40,-0.42,-0.10,-0.43,-0.55
 60632,108177,6140, 4.07,-1.75,-1.12,-1.84,-1.32,98.24,-1.54,-1.46,-1.54,-1.72,-1.78,98.24,-1.92,-2.08
 60729,108309,5779, 4.12,0.10,-0.28,0.16,0.17,0.19,0.11,0.09,0.08,0.10,0.10,0.03,-0.06,0.01
 60825,108435,6456, 4.30,-0.61,-0.41,-0.49,-0.41,-0.79,-0.56,-0.53,-0.56,-0.64,-0.67,99.38,-0.76,-0.63
 60956,108754,5295, 4.46,-0.70,99.29,-0.59,-0.32,-0.43,-0.43,-0.49,-0.40,-0.59,-0.65,-0.49,-0.73,-0.79
 61619,109839,6429, 4.26,0.04,100.03,0.08,-0.04,100.03,0.06,0.06,-0.01,0.01,-0.02,-0.10,0.06,0.16
 61802,,5379, 3.47,-1.25,-0.76,-1.41,-0.87,-1.25,-1.08,-0.96,-1.04,-1.28,-1.35,-1.22,-1.42,-1.36
 61971,110417,5322, 3.57,-0.58,-0.36,-0.50,-0.35,-0.40,-0.46,-0.49,-0.53,-0.62,-0.61,-0.53,-0.75,-0.59
 62108,110621,6293, 4.37,-1.53,98.46,-1.65,-1.28,98.46,-1.29,-1.20,-1.07,-1.47,-1.56,-1.44,-1.33,-1.63
 62534,111232,5427, 4.45,-0.45,0.05,-0.39,-0.22,-0.16,-0.25,-0.32,-0.16,-0.42,-0.41,-0.25,-0.39,-0.59
 62607,111515,5364, 4.46,-0.62,-0.11,-0.62,-0.36,-0.40,-0.43,-0.49,-0.39,-0.58,-0.62,-0.36,-0.56,-0.70
 62809,111777,5658, 4.38,-0.77,99.22,-0.65,-0.43,-0.63,-0.56,-0.55,-0.49,-0.71,-0.75,-0.60,-0.82,-0.88
 62857,112001,5968, 4.26,0.15,100.14,0.20,0.16,0.19,0.15,0.12,0.16,0.14,0.15,0.17,0.10,0.12
 63405,112887,6543, 3.87,-0.29,99.70,-0.28,-0.34,99.70,-0.29,-0.22,-0.26,-0.34,-0.39,-0.45,-0.25,0.10
 63548,113101,5410, 4.49,-0.13,99.86,-0.14,-0.07,0.05,0.01,-0.12,-0.01,-0.04,-0.09,0.03,-0.03,-0.21
 63918,113679,5786, 4.08,-0.63,-0.20,-0.54,-0.30,-0.38,-0.43,-0.38,-0.34,-0.64,-0.64,-0.39,-0.64,-0.69
 64345,114606,5598, 4.37,-0.60,99.39,-0.49,-0.29,-0.32,-0.37,-0.38,-0.29,-0.52,-0.56,-0.41,-0.62,-0.73
 64408,114613,5667, 3.87,0.13,100.12,0.25,0.12,0.21,0.16,0.14,0.11,0.13,0.18,0.15,0.06,0.05
 64426,114762,5996, 4.28,-0.70,-0.34,-0.60,-0.43,-0.49,-0.55,-0.52,-0.50,-0.74,-0.73,-0.62,-0.87,-0.86
 64444,114692,6076, 4.04,-0.42,0.12,-0.27,-0.05,-0.26,-0.21,-0.23,-0.19,-0.47,-0.43,-0.27,-0.60,-0.49
 64459,114729,5839, 4.06,-0.31,99.68,-0.35,-0.16,-0.17,-0.26,-0.21,-0.19,-0.32,-0.36,-0.33,-0.46,-0.36
 64673,115031,5875, 4.14,0.00,0.02,0.05,0.09,0.02,0.03,0.02,-0.01,-0.03,-0.01,-0.01,-0.10,-0.02
 64698,115231,5624, 4.35,-0.13,0.01,-0.16,-0.03,0.00,-0.07,-0.07,-0.03,-0.13,-0.16,-0.09,-0.15,-0.06
 64706,,5006, 4.53,-0.13,0.05,-0.25,-0.11,-0.09,-0.10,-0.15,0.04,-0.09,-0.15,-0.14,0.03,-0.24
 64747,115349,5718, 4.47,-0.21,99.78,-0.24,-0.23,-0.13,-0.18,-0.18,-0.14,-0.18,-0.23,-0.20,-0.28,-0.27
 64792,115383,6185, 4.28,0.25,0.11,0.32,0.26,0.30,0.25,0.31,0.29,0.25,0.24,0.19,0.23,0.34
 64920,115577,4818, 2.77,-0.45,99.54,-0.27,-0.17,-0.07,-0.18,-0.25,-0.09,-0.39,-0.40,-0.26,-0.35,-0.56
 64924,115617,5469, 4.36,-0.03,0.07,-0.08,0.03,0.05,0.04,-0.04,0.01,-0.01,-0.03,-0.03,0.00,-0.08
 66238,117939,5660, 4.42,-0.22,-0.08,-0.28,-0.05,-0.10,-0.17,-0.17,-0.15,-0.23,-0.26,-0.23,-0.32,-0.23
 66814,118924,5169, 4.62,-0.66,-0.04,-0.63,-0.33,-0.37,-0.44,-0.52,-0.35,-0.62,-0.64,-0.45,-0.39,-0.86
 67371,120056,5803, 3.97,0.31,0.14,0.43,0.39,0.36,0.36,0.32,0.34,0.33,0.38,0.41,0.30,0.24
 67534,120329,5683, 4.14,0.35,100.34,0.40,0.27,0.41,0.36,0.31,0.35,0.36,0.39,0.35,0.26,0.33
 67784,120999,6503, 4.38,-0.10,-0.16,-0.12,-0.09,-0.15,-0.10,-0.07,-0.11,-0.13,-0.19,-0.15,-0.14,0.00
 67863,121004,5692, 4.35,-0.76,-0.17,-0.66,-0.38,-0.46,-0.50,-0.49,-0.48,-0.73,-0.78,-0.52,-0.68,-0.83
 68273,121849,5436, 4.39,-0.44,0.06,-0.40,-0.23,-0.18,-0.24,-0.31,-0.17,-0.40,-0.40,-0.16,-0.38,-0.54
 68464,122196,6043, 3.87,-1.82,-1.27,98.17,-1.50,98.17,-1.70,-1.62,-1.59,-1.87,-1.92,98.17,-2.19,-2.15
 68468,122194,5848, 4.37,0.07,0.00,0.10,0.08,0.11,0.09,0.06,0.08,0.08,0.08,0.09,0.01,0.06
 68727,122751,6368, 4.07,-0.70,-0.36,-0.51,-0.51,99.29,-0.62,-0.55,-0.62,-0.75,-0.73,-0.74,-0.82,-0.64
 68796,123710,5787, 4.52,-0.50,99.49,-0.46,-0.46,-0.40,-0.46,-0.43,-0.38,-0.47,-0.52,-0.50,-0.61,-0.43
 69220,123682,5698, 4.43,-0.12,-0.03,-0.15,-0.02,-0.09,-0.10,-0.09,-0.08,-0.12,-0.14,-0.14,-0.16,-0.12
 69645,124523,5761, 4.49,-0.02,-0.02,-0.01,-0.03,-0.03,0.00,-0.01,-0.01,-0.02,-0.01,0.10,0.04,0.03
 69780,124785,5823, 3.91,-0.64,-0.09,-0.50,-0.23,-0.42,-0.40,-0.40,-0.41,-0.65,-0.64,-0.35,-0.74,-0.73
 69796,124584,5928, 4.12,-0.05,0.00,0.01,-0.04,-0.05,-0.03,-0.04,-0.06,-0.08,-0.09,0.10,-0.13,-0.11
 70140,125291,5790, 4.02,-0.65,-0.15,-0.57,-0.35,-0.47,-0.45,-0.45,-0.44,-0.67,-0.65,-0.47,-0.63,-0.73
 70182,125499,5637, 3.85,-0.59,-0.29,-0.57,-0.27,-0.36,-0.41,-0.39,-0.40,-0.63,-0.60,-0.42,-0.72,-0.62
 70330,125968,5797, 4.09,0.09,0.05,0.13,0.11,0.14,0.11,0.08,0.06,0.08,0.09,0.01,-0.05,0.04
 70681,126681,5484, 4.48,-1.30,-0.48,-1.33,-0.84,-0.97,-0.89,-0.99,-1.02,-1.22,-1.31,-0.93,-1.01,-1.07
 70829,126803,5471, 4.47,-0.67,-0.20,-0.60,-0.37,-0.40,-0.46,-0.52,-0.41,-0.61,-0.64,-0.43,-0.38,-0.37
 70922,126793,5869, 4.15,-0.75,-0.22,-0.70,-0.36,-0.49,-0.52,-0.47,-0.49,-0.77,-0.77,-0.49,-0.79,-0.71
 71019,127340,5318, 3.79,-0.35,0.08,-0.27,-0.08,-0.11,-0.17,-0.19,-0.10,-0.33,-0.31,-0.16,-0.43,-0.49
 71284,128167,6958, 4.27,-0.24,-0.11,-0.26,-0.26,-0.39,-0.24,-0.17,-0.24,-0.32,-0.34,-0.41,-0.23,0.17
 71470,128340,6268, 4.37,-0.62,-0.39,-0.50,-0.44,-0.54,-0.52,-0.54,-0.57,-0.67,-0.64,-0.60,-0.73,-0.61
 71735,128674,5513, 4.43,-0.35,-0.06,-0.41,-0.18,-0.15,-0.27,-0.29,-0.22,-0.33,-0.35,-0.33,-0.37,-0.43
 71844,129055,6398, 4.07,-0.67,-0.34,-0.57,-0.53,-0.71,-0.62,-0.53,-0.56,-0.66,-0.71,-0.85,-0.75,-0.73
 72479,130669,5045, 4.56,-0.03,0.34,-0.10,0.02,0.08,0.06,-0.08,0.16,0.01,0.01,0.08,0.14,-0.16
 72673,130551,6374, 4.29,-0.56,-0.39,-0.46,-0.37,-0.39,-0.48,-0.45,-0.42,-0.58,-0.57,-0.56,-0.64,-0.59
 72688,130992,4864, 4.60,-0.11,-0.15,-0.11,-0.22,-0.06,-0.15,0.06,0.12,0.07,-0.11,-0.19,0.41,-0.13
 72797,131119,5198, 4.72,-0.52,-0.16,-0.51,-0.54,-0.39,-0.46,-0.49,-0.39,-0.45,-0.53,-0.21,0.02,-0.11
 73385,132475,5749, 3.77,-1.51,-0.79,-1.55,-1.05,98.48,-1.11,-1.21,-1.22,-1.46,-1.51,-1.30,-1.35,-1.53
 73444,,6077, 4.24,-0.94,-0.42,-0.89,-0.56,-0.79,-0.62,-0.67,-0.63,-0.84,-0.97,-0.74,0.02,0.35
 73650,132996,5854, 4.15,-0.11,-0.16,-0.18,-0.01,-0.07,-0.09,-0.07,-0.08,-0.12,-0.17,-0.19,-0.30,-0.16
 74033,134113,5794, 4.10,-0.78,99.21,-0.67,-0.39,-0.45,-0.56,-0.51,-0.46,-0.75,-0.77,-0.62,-0.68,-0.84
 74067,134088,5695, 4.38,-0.81,-0.26,-0.74,-0.50,-0.61,-0.60,-0.59,-0.55,-0.78,-0.81,-0.57,-0.83,-0.85
 74079,134169,5881, 4.00,-0.81,-0.31,-0.70,-0.39,-0.66,-0.60,-0.61,-0.61,-0.89,-0.84,-0.69,-0.97,-0.99
 74234,134440,4977, 4.76,-1.39,98.60,-1.87,-1.25,98.60,-1.42,-1.21,-1.11,-1.30,-1.53,-1.42,-1.62,-1.76
 74235,134439,5065, 4.56,-1.46,98.53,-1.93,-1.38,98.53,-1.51,-1.28,-1.25,-1.42,-1.61,-1.49,-1.52,-1.85
 74389,134664,5814, 4.38,0.06,-0.04,0.06,0.04,0.05,0.03,0.07,0.06,0.06,0.04,0.00,0.11,0.04
 74500,134987,5703, 4.26,0.26,0.20,0.39,0.33,0.32,0.32,0.24,0.26,0.27,0.32,0.38,0.23,0.22
 74537,135204,5200, 4.36,-0.19,0.27,-0.17,-0.04,0.03,0.00,-0.13,-0.03,-0.18,-0.13,0.02,-0.18,-0.25
 74831,135538,5844, 4.07,-0.54,-0.08,-0.44,-0.16,-0.36,-0.34,-0.36,-0.35,-0.54,-0.55,-0.44,-0.65,-0.59
 75023,136179,6447, 3.70,-0.46,0.33,-0.39,-0.09,-0.28,-0.24,-0.23,-0.21,-0.48,-0.47,-0.38,-0.50,-0.16
 75181,136352,5698, 4.46,-0.32,0.01,-0.27,-0.13,-0.10,-0.17,-0.23,-0.10,-0.30,-0.31,-0.16,-0.36,-0.42
 75206,136351,6447, 3.87,0.17,0.16,0.31,0.20,0.24,0.22,0.24,0.16,0.16,0.15,0.14,0.16,0.54
 75487,137228,6455, 4.14,-0.66,-0.48,-0.54,-0.43,-0.80,-0.57,-0.55,-0.53,-0.68,-0.70,-0.74,-0.79,-0.83
 76226,,6099, 4.07,-0.64,-0.39,-0.60,-0.41,-0.51,-0.55,-0.52,-0.57,-0.69,-0.70,-0.55,-0.84,-0.68
 76394,138640,6067, 4.14,-0.07,-0.06,-0.01,0.08,-0.14,-0.04,-0.04,-0.09,-0.09,-0.10,-0.14,-0.18,-0.11
 76899,140209,5782, 4.30,-0.16,0.05,-0.19,-0.07,-0.10,-0.09,-0.09,-0.07,-0.17,-0.19,-0.08,-0.26,-0.21
 76976,140283,5658, 3.57,-2.62,-1.63,97.37,-2.22,97.37,97.37,-2.38,-2.37,97.37,97.37,97.37,97.37,-3.63
 76984,140514,5723, 4.15,0.01,100.00,0.03,0.04,0.12,0.06,0.03,0.06,0.00,0.00,0.17,-0.07,-0.01
 77358,140901,5582, 4.45,0.11,0.10,0.12,0.11,0.17,0.15,0.10,0.14,0.15,0.14,0.11,0.18,0.13
 77439,141308,5708, 3.92,-0.67,-0.21,-0.62,-0.29,-0.42,-0.46,-0.43,-0.42,-0.68,-0.66,-0.55,-0.73,-0.73
 77536,141692,6208, 3.89,0.08,0.09,0.20,0.17,0.05,0.16,0.13,0.04,0.06,0.05,0.03,0.06,0.11
 77637,,5777, 4.03,-0.88,-0.34,-0.80,-0.48,-0.65,-0.61,-0.62,-0.63,-0.85,-0.89,-0.62,-0.80,-0.85
 77641,141599,5556, 4.48,0.22,0.16,0.22,0.17,0.23,0.26,0.19,0.24,0.26,0.27,0.40,0.25,0.26
 78267,142945,5702, 4.32,-0.91,-0.20,-0.88,-0.48,-0.74,-0.62,-0.63,-0.65,-0.84,-0.95,-0.79,-0.70,-0.73
 78330,143114,5766, 4.26,-0.47,-0.10,-0.43,-0.19,-0.20,-0.32,-0.30,-0.27,-0.48,-0.47,-0.23,-0.59,-0.46
 78425,142921,5841, 4.24,-0.11,0.09,-0.05,0.01,-0.02,-0.02,-0.08,-0.07,-0.12,-0.12,-0.01,-0.28,-0.21
 78551,143616,5471, 4.37,-0.08,0.02,-0.12,-0.03,-0.06,-0.03,-0.07,-0.07,-0.07,-0.07,-0.10,-0.10,-0.11
 78556,143464,5761, 4.27,-0.27,0.05,-0.19,0.01,-0.04,-0.11,-0.12,-0.07,-0.27,-0.24,-0.10,-0.35,-0.34
 78640,,6069, 4.30,-1.43,98.56,-1.46,-1.09,98.56,-1.12,-1.08,-1.11,-1.36,-1.47,-1.31,-1.31,-1.60
 78917,144450,5249, 3.53,-1.03,-0.57,-1.07,-0.59,-0.65,-0.70,-0.71,-0.73,-1.03,-1.07,-0.94,-0.70,-0.73
 78955,144585,5940, 4.40,0.37,0.12,0.42,0.34,0.40,0.36,0.33,0.41,0.35,0.40,0.32,0.35,0.28
 79073,144749,5825, 3.80,0.07,-0.02,0.05,0.14,0.12,0.08,0.11,0.12,0.03,0.06,0.01,0.08,0.16
 79137,145148,4937, 3.62,0.25,0.20,0.23,0.28,0.35,0.25,0.20,0.34,0.32,0.29,0.24,0.41,0.16
 79138,144880,6211, 4.26,-0.33,-0.32,-0.26,-0.15,-0.23,-0.27,-0.26,-0.25,-0.36,-0.35,-0.42,-0.40,-0.37
 79576,145598,5492, 4.54,-0.77,-0.15,-0.73,-0.43,-0.49,-0.55,-0.53,-0.44,-0.73,-0.76,-0.56,-0.71,-0.80
 79715,145927,5767, 4.35,-0.06,0.04,-0.06,0.03,-0.03,-0.04,-0.07,-0.07,-0.08,-0.07,-0.06,-0.16,-0.11
 79792,146644,5679, 4.29,0.07,0.12,0.14,0.13,0.12,0.13,0.07,0.07,0.08,0.10,0.19,0.02,0.06
 80013,146817,5680, 4.15,-0.09,0.11,-0.03,0.11,0.08,0.02,0.00,0.04,-0.10,-0.08,0.05,-0.20,-0.16
 80043,146800,4900, 4.70,-0.44,-0.41,-0.42,-0.28,-0.28,-0.39,-0.30,-0.13,-0.24,-0.43,-0.43,-0.30,-0.55
 80114,146296,5700, 4.25,-0.67,99.32,-0.75,-0.52,-0.53,-0.57,-0.52,-0.48,-0.67,-0.71,-0.61,-0.73,-0.71
 80221,147127,5413, 4.44,-0.68,-0.03,-0.56,-0.33,-0.37,-0.43,-0.49,-0.37,-0.62,-0.65,-0.45,-0.62,-0.87
 80337,147513,5918, 4.54,0.08,-0.12,-0.07,0.01,0.00,-0.01,0.11,0.09,0.07,-0.01,-0.07,0.24,0.39
 80423,147518,5630, 4.41,-0.70,-0.16,-0.62,-0.37,-0.43,-0.49,-0.52,-0.46,-0.70,-0.69,-0.48,-0.75,-0.77
 80587,148211,5858, 3.99,-0.70,-0.25,-0.62,-0.40,-0.44,-0.54,-0.53,-0.55,-0.74,-0.74,-0.62,-0.89,-0.82
 80686,147584,6143, 4.49,-0.01,-0.06,-0.12,-0.06,-0.06,-0.08,0.00,-0.05,-0.03,-0.10,-0.12,0.05,0.21
 80700,148530,5330, 4.41,0.01,0.15,-0.05,0.09,0.05,0.07,-0.04,0.09,0.02,0.02,0.05,0.03,0.00
 80722,148571,6006, 4.03,-0.31,-0.18,-0.29,-0.17,-0.25,-0.26,-0.26,-0.26,-0.34,-0.35,-0.10,-0.42,-0.27
 80837,148816,5968, 4.25,-0.74,99.25,-0.63,-0.38,99.25,-0.53,-0.53,-0.46,-0.73,-0.72,-0.57,-0.86,-0.93
 81041,148587,5773, 4.02,-0.58,-0.04,-0.48,-0.19,-0.34,-0.35,-0.36,-0.34,-0.58,-0.57,-0.38,-0.69,-0.72
 81269,149396,5717, 4.45,0.25,0.04,0.34,0.19,0.23,0.28,0.24,0.29,0.30,0.29,0.23,0.24,0.19
 81300,149661,5216, 4.59,-0.01,0.16,-0.08,0.02,-0.01,0.07,-0.08,0.07,0.11,0.01,0.00,0.23,-0.02
 81461,149996,5748, 4.28,-0.50,0.02,-0.39,-0.12,-0.20,-0.29,-0.32,-0.23,-0.49,-0.48,-0.34,-0.54,-0.52
 81520,149612,5746, 4.62,-0.44,-0.23,-0.47,-0.35,-0.37,-0.40,-0.40,-0.32,-0.41,-0.46,-0.46,-0.45,-0.39
 81580,150177,6112, 3.77,-0.66,-0.37,-0.54,-0.44,-0.66,-0.56,-0.55,-0.57,-0.70,-0.71,-0.64,-0.77,-0.64
 81603,150020,5594, 4.27,-0.03,0.07,-0.05,0.03,0.05,0.01,0.02,0.01,-0.01,-0.05,-0.02,-0.09,-0.05
 81749,150111,5333, 3.85,-0.32,0.10,-0.26,-0.01,-0.03,-0.13,-0.16,-0.08,-0.33,-0.27,-0.15,-0.40,-0.46
 81952,150936,5692, 4.40,0.24,0.19,0.43,0.27,0.40,0.29,0.29,0.37,0.31,0.29,0.26,0.33,0.05
 82062,151168,6057, 4.10,-0.55,-0.36,-0.53,-0.35,-0.50,-0.47,-0.47,-0.47,-0.56,-0.62,-0.56,-0.67,-0.67
 82265,151504,5365, 4.17,0.07,0.17,0.03,0.10,0.17,0.12,0.09,0.10,0.06,0.08,0.17,-0.04,0.03
 82588,152391,5322, 4.50,-0.08,0.16,-0.19,-0.13,-0.07,-0.05,-0.13,-0.11,-0.05,-0.12,-0.11,0.13,0.05
 82621,152311,5703, 3.93,0.19,0.06,0.23,0.23,0.28,0.21,0.20,0.21,0.20,0.19,0.21,0.11,0.15
 83204,153627,5994, 4.26,-0.30,-0.22,-0.27,-0.18,-0.23,-0.25,-0.26,-0.26,-0.32,-0.33,-0.04,-0.43,-0.38
 83229,153075,5865, 4.41,-0.49,-0.12,-0.43,-0.22,-0.20,-0.32,-0.32,-0.22,-0.44,-0.45,-0.32,-0.58,-0.59
 83241,153423,5854, 4.27,-0.17,-0.06,-0.18,-0.06,-0.12,-0.13,-0.14,-0.16,-0.18,-0.19,-0.18,-0.30,-0.16
 83276,153631,5906, 4.26,-0.07,-0.08,-0.13,-0.04,-0.09,-0.08,-0.04,-0.06,-0.09,-0.13,-0.11,-0.21,-0.10
 83301,153592,6416, 3.87,-0.35,-0.18,-0.30,-0.26,-0.37,-0.31,-0.27,-0.22,-0.32,-0.44,-0.50,-0.20,-0.04
 83489,154276,5722, 4.28,-0.29,0.05,-0.24,-0.01,-0.10,-0.16,-0.18,-0.11,-0.29,-0.29,-0.16,-0.36,-0.32
 83562,153696,5608, 4.34,-0.24,0.16,-0.20,-0.07,-0.01,-0.11,-0.14,-0.05,-0.23,-0.21,-0.06,-0.26,-0.32
 83601,154417,6271, 4.71,0.14,-0.03,0.00,0.01,0.06,0.05,0.12,0.14,0.13,0.06,0.04,0.14,0.28
 83867,154865,6193, 3.97,-0.23,-0.17,-0.21,-0.14,-0.33,-0.21,-0.20,-0.24,-0.24,-0.28,-0.35,-0.21,-0.12
 84255,155284,5371, 4.54,-0.56,-0.27,-0.54,-0.43,-0.46,-0.49,-0.51,-0.49,-0.50,-0.58,-0.55,-0.55,-0.48
 84551,156098,6474, 3.87,0.12,100.11,0.09,0.14,0.17,0.14,0.18,0.11,0.11,0.06,-0.04,0.21,0.47
 84636,156365,5941, 4.22,0.30,0.15,0.47,0.28,0.35,0.32,0.24,0.34,0.30,0.37,0.34,0.20,0.23
 84781,156893,5306, 3.78,-0.25,0.01,-0.24,0.00,-0.01,-0.11,-0.11,-0.04,-0.25,-0.25,-0.21,-0.20,-0.28
 84803,156802,5669, 4.01,-0.39,-0.03,-0.26,-0.17,-0.13,-0.23,-0.19,-0.18,-0.36,-0.40,-0.35,-0.49,-0.54
 84905,157089,5915, 4.31,-0.50,-0.18,-0.50,-0.25,-0.20,-0.34,-0.33,-0.22,-0.47,-0.50,-0.41,-0.52,-0.49
 84907,156899,5387, 4.46,-0.08,0.05,-0.13,-0.07,-0.06,-0.02,-0.12,-0.06,-0.04,-0.08,-0.02,-0.02,-0.03
 84988,155918,5686, 4.25,-0.70,-0.16,-0.61,-0.35,-0.46,-0.48,-0.47,-0.46,-0.68,-0.70,-0.51,-0.81,-0.72
 85007,157466,6064, 4.32,-0.39,-0.33,-0.34,-0.32,-0.38,-0.39,-0.36,-0.39,-0.45,-0.43,-0.45,-0.56,-0.41
 85042,157347,5648, 4.46,0.00,-0.01,-0.06,0.02,0.09,0.01,-0.03,0.03,0.03,0.02,-0.03,-0.05,-0.04
 85320,157719,5030, 3.46,-0.13,-0.01,-0.09,0.03,-0.02,-0.05,-0.09,-0.03,-0.12,-0.13,-0.10,-0.07,-0.15
 85474,158170,6500, 3.71,0.21,0.66,0.49,0.52,0.41,0.31,0.29,0.30,0.21,0.19,0.30,0.15,0.69
 85757,158809,5526, 3.91,-0.66,99.33,-0.56,-0.29,-0.43,-0.45,-0.39,-0.36,-0.64,-0.67,-0.48,-0.58,-0.74
 85963,159307,6535, 4.13,-0.61,-0.45,-0.52,-0.40,-0.80,-0.51,-0.49,-0.51,-0.66,-0.63,-0.64,-0.72,-0.76
 85969,158783,5782, 4.24,0.10,0.07,0.11,0.08,0.10,0.11,0.11,0.10,0.11,0.10,0.09,0.07,0.10
 86013,159482,5760, 4.30,-0.81,-0.20,-0.69,-0.47,-0.48,-0.57,-0.55,-0.54,-0.78,-0.81,-0.64,-0.85,-0.88
 86193,159909,5671, 4.29,0.03,0.09,0.00,0.04,0.11,0.06,0.03,0.06,0.02,0.02,0.29,-0.09,0.01
 86516,160113,5609, 3.70,-0.23,-0.21,-0.17,-0.07,-0.13,-0.19,-0.16,-0.26,-0.26,-0.28,-0.25,-0.36,-0.14
 86694,160617,5986, 3.87,-1.85,-1.39,-1.67,-1.52,98.14,-1.65,-1.62,-1.61,-1.91,-1.89,-1.70,-1.89,-2.01
 86731,161239,5894, 3.97,0.29,0.14,0.43,0.32,0.36,0.34,0.25,0.31,0.29,0.33,0.42,0.28,0.20
 86796,160691,5720, 4.11,0.26,100.25,0.39,0.23,0.34,0.30,0.25,0.25,0.28,0.30,0.34,0.16,0.18
 87101,161770,5709, 3.67,-1.57,-0.81,-1.62,-1.08,-1.27,-1.29,-1.26,-1.33,-1.66,-1.69,-1.44,-1.65,-1.75
 87154,161256,5616, 4.13,0.13,0.16,0.16,0.23,0.24,0.19,0.18,0.19,0.12,0.16,0.15,0.04,0.12
 87443,162288,5726, 3.86,-0.03,-0.11,-0.02,0.01,-0.01,-0.01,0.00,-0.01,-0.06,-0.04,-0.02,-0.09,-0.02
 87523,162396,6135, 4.19,-0.33,-0.27,-0.24,-0.22,-0.25,-0.29,-0.27,-0.23,-0.36,-0.35,-0.33,-0.36,-0.24
 87533,162756,5923, 4.02,-0.12,-0.06,-0.10,-0.02,-0.08,-0.10,-0.05,-0.09,-0.14,-0.18,-0.21,-0.24,-0.15
 87539,161297,5664, 3.97,-0.86,-0.31,-0.76,-0.45,-0.57,-0.65,-0.61,-0.59,-0.86,-0.89,-0.76,-0.87,-0.95
 87679,162907,5357, 4.34,0.11,0.27,0.13,0.17,0.20,0.20,0.08,0.17,0.14,0.17,0.24,0.06,0.11
 87769,163441,5765, 4.29,0.02,-0.02,0.05,0.06,0.02,0.04,0.05,0.00,0.02,0.01,0.02,-0.01,0.02
 87841,163492,5887, 4.40,0.12,0.01,0.17,0.14,0.14,0.14,0.14,0.13,0.12,0.15,0.22,0.11,0.12
 88010,163810,5424, 4.43,-1.34,-0.57,-1.56,-1.00,98.65,-1.20,-1.04,-1.12,-1.28,-1.49,-1.29,-1.44,-1.43
 88622,165401,5794, 4.49,-0.40,-0.01,-0.37,-0.15,-0.17,-0.23,-0.29,-0.19,-0.37,-0.40,-0.22,-0.56,-0.47
 88631,165204,5637, 4.37,0.28,0.19,0.22,0.19,0.29,0.32,0.24,0.32,0.29,0.30,0.23,0.24,0.29
 88945,166435,5869, 4.62,0.02,100.01,-0.04,-0.06,0.00,-0.04,0.12,0.03,0.06,-0.03,-0.12,0.12,0.28
 89036,166081,5870, 4.26,-0.02,-0.05,-0.08,0.00,-0.04,-0.04,0.00,0.00,-0.04,-0.06,-0.01,-0.12,-0.05
 89076,166136,5670, 4.32,0.01,0.03,0.05,0.00,0.02,0.04,0.02,-0.02,0.02,0.02,0.04,-0.03,-0.01
 89105,166219,5721, 4.47,0.06,0.03,0.03,0.09,0.04,0.07,0.10,0.06,0.09,0.05,0.10,0.12,0.19
 89207,166823,5894, 4.41,0.05,-0.03,0.01,0.05,0.01,0.05,0.08,0.02,0.05,0.02,-0.04,0.08,0.13
 89554,166913,6229, 4.18,-1.57,-1.03,-1.64,-1.16,98.42,-1.26,-1.29,-1.24,-1.64,-1.59,-1.44,-1.44,-1.78
 89583,167677,5384, 4.39,-0.35,0.13,-0.29,-0.10,-0.10,-0.15,-0.24,-0.12,-0.34,-0.29,-0.15,-0.35,-0.45
 89589,167718,5846, 4.08,-0.08,-0.05,-0.14,-0.03,-0.02,-0.07,-0.04,-0.05,-0.10,-0.13,-0.15,-0.22,-0.13
 89733,167300,5751, 3.97,-0.53,-0.13,-0.47,-0.23,-0.27,-0.36,-0.33,-0.35,-0.54,-0.54,-0.42,-0.68,-0.64
 89881,168214,5398, 3.67,-0.06,-0.11,0.03,0.00,0.00,-0.04,0.00,0.01,-0.03,-0.09,-0.01,1.00,1.06
 89952,168218,6037, 3.94,-0.50,-0.30,-0.46,-0.35,-0.45,-0.46,-0.43,-0.42,-0.51,-0.55,-0.52,-0.64,-0.57
 90004,168746,5497, 4.36,-0.14,0.16,-0.13,0.06,0.08,0.01,-0.07,0.06,-0.13,-0.11,0.02,-0.15,-0.17
 90151,168788,5242, 4.48,0.27,0.31,0.32,0.37,0.34,0.39,0.17,0.34,0.33,0.39,0.38,0.45,0.13
 90261,,6015, 4.27,-0.99,-0.44,-0.99,-0.60,-1.19,-0.70,-0.70,-0.66,-0.97,-1.03,-0.86,-0.81,-0.78
 90365,169889,5253, 4.44,-0.21,0.10,-0.25,-0.16,-0.12,-0.10,-0.19,-0.14,-0.19,-0.19,-0.06,0.20,0.03
 90442,169383,5741, 4.04,-0.47,-0.07,-0.42,-0.18,-0.20,-0.31,-0.30,-0.30,-0.48,-0.47,-0.31,-0.56,-0.54
 90485,169830,6459, 4.19,0.19,0.07,0.21,0.19,0.21,0.19,0.20,0.19,0.18,0.15,0.13,0.16,0.32
 90539,170232,5263, 4.43,-0.26,0.23,-0.20,-0.04,-0.04,-0.03,-0.22,-0.02,-0.22,-0.19,-0.02,-0.14,-0.33
 90896,170706,5718, 4.31,0.22,0.14,0.31,0.22,0.25,0.26,0.20,0.24,0.22,0.28,0.26,0.20,0.13
 91089,171317,6432, 4.35,-0.20,-0.14,-0.21,-0.19,-0.41,-0.17,-0.16,-0.16,-0.20,-0.26,-0.35,-0.13,0.01
 91095,171239,5830, 4.26,-0.27,-0.08,-0.26,-0.13,-0.13,-0.17,-0.16,-0.13,-0.28,-0.28,-0.07,-0.39,-0.35
 91360,171999,5208, 4.46,0.20,0.37,0.14,0.03,0.20,0.27,0.06,0.18,0.21,0.29,0.34,0.18,0.17
 91438,172051,5538, 4.47,-0.29,-0.16,-0.29,-0.24,-0.19,-0.24,-0.27,-0.23,-0.25,-0.30,-0.30,-0.20,-0.25
 91471,171982,4907, 3.54,-0.26,-0.10,-0.28,-0.09,-0.09,-0.13,-0.19,-0.12,-0.24,-0.24,0.02,-0.18,-0.26
 91582,172063,5481, 4.49,0.11,0.08,0.12,0.09,0.11,0.16,0.05,0.18,0.15,0.15,0.14,0.15,0.01
 92270,174160,6376, 4.23,-0.05,99.94,-0.04,-0.13,-0.07,-0.04,0.00,-0.08,-0.12,-0.07,-0.23,-0.11,0.06
 92288,173560,5717, 4.08,-0.21,0.04,-0.18,0.02,0.02,-0.09,-0.07,-0.03,-0.23,-0.20,-0.12,-0.34,-0.20
 92781,175179,5765, 4.33,-0.69,-0.13,-0.60,-0.33,-0.41,-0.49,-0.43,-0.45,-0.68,-0.71,-0.54,-0.49,-0.42
 92864,175128,6084, 4.09,0.07,0.05,0.11,0.15,0.08,0.10,0.09,0.05,0.06,0.06,0.11,0.13,0.05
 92880,175029,5833, 3.87,-0.10,-0.07,-0.07,0.03,-0.03,-0.06,-0.06,-0.10,-0.14,-0.13,-0.18,-0.25,-0.23
 92973,175237,5841, 4.25,-0.56,-0.14,-0.45,-0.32,-0.30,-0.39,-0.38,-0.34,-0.56,-0.54,-0.35,-0.66,-0.68
 93185,176377,5864, 4.54,-0.29,99.70,-0.31,-0.24,-0.27,-0.24,-0.24,-0.23,-0.28,-0.30,-0.37,-0.25,-0.11
 93186,175606,5966, 3.67,-2.31,-1.42,97.68,-1.92,97.68,-1.84,-2.00,-2.03,-2.30,-2.30,97.68,97.68,-2.76
 93377,176733,5547, 4.40,-0.07,-0.03,-0.08,0.01,-0.01,-0.02,-0.07,-0.05,-0.05,-0.05,-0.11,-0.14,-0.09
 93507,176021,5879, 4.08,-0.73,-0.17,-0.53,-0.35,-0.46,-0.51,-0.47,-0.47,-0.74,-0.72,-0.52,0.23,0.42
 93889,175169,5715, 4.35,0.22,0.11,0.30,0.23,0.24,0.28,0.20,0.21,0.24,0.29,0.35,0.19,0.18
 93966,178428,5656, 4.16,0.15,0.15,0.16,0.16,0.22,0.20,0.15,0.21,0.15,0.15,0.20,0.07,0.03
 94347,174930,6368, 4.22,-0.62,-0.43,-0.51,-0.49,-0.77,-0.60,-0.54,-0.60,-0.68,-0.72,-0.78,-0.70,-0.47
 94645,179949,6365, 4.56,0.24,0.03,0.19,0.17,0.19,0.21,0.19,0.21,0.22,0.20,0.18,0.24,0.21
 94678,179998,5747, 4.16,-0.17,0.06,-0.12,0.01,0.01,-0.08,-0.07,-0.05,-0.19,-0.17,-0.07,-0.17,-0.22
 95106,181199,5852, 4.44,-0.17,-0.23,-0.23,-0.20,-0.23,-0.22,-0.14,-0.15,-0.15,-0.21,-0.20,-0.11,-0.04
 95262,181720,5759, 4.01,-0.51,-0.12,-0.46,-0.24,-0.28,-0.35,-0.34,-0.31,-0.50,-0.50,-0.35,-0.60,-0.54
 95447,182572,5639, 4.41,0.41,0.32,0.47,0.43,0.45,0.46,0.33,0.45,0.45,0.49,0.51,0.40,0.29
 96124,183877,5577, 4.47,-0.22,0.08,-0.16,-0.03,-0.01,-0.10,-0.19,-0.03,-0.18,-0.19,-0.08,-0.23,-0.30
 96160,183579,5806, 4.49,-0.02,-0.07,-0.07,-0.06,-0.08,-0.04,0.00,-0.01,-0.03,-0.06,-0.09,0.04,0.10
 96258,184960,6380, 4.15,-0.03,99.96,-0.05,-0.02,-0.01,0.04,0.11,0.00,-0.08,-0.07,-0.21,-0.03,0.22
 96425,181983,5394, 4.42,0.13,0.22,0.15,0.22,0.19,0.21,0.06,0.18,0.15,0.19,0.16,0.18,-0.02
 96536,184985,6462, 4.14,0.10,0.05,0.11,0.11,0.11,0.07,0.11,0.08,0.05,0.04,0.03,0.08,0.29
 96854,185615,5541, 4.38,0.11,0.21,0.13,0.16,0.19,0.20,0.09,0.21,0.15,0.15,0.20,0.10,0.01
 96881,185679,5710, 4.47,0.06,0.07,0.10,0.04,0.10,0.11,0.05,0.07,0.09,0.09,0.05,0.02,-0.03
 97024,184846,5607, 4.27,-0.23,0.12,-0.18,-0.01,0.01,-0.06,-0.11,-0.01,-0.21,-0.19,-0.11,-0.23,-0.35
 97213,186194,5713, 4.16,0.20,0.10,0.29,0.24,0.28,0.24,0.19,0.22,0.20,0.23,0.13,0.13,0.11
 97358,186803,5638, 4.50,-0.03,-0.02,-0.13,-0.10,-0.08,-0.04,0.02,-0.02,-0.02,-0.09,-0.04,0.10,0.21
 97676,187620,5628, 4.32,0.11,0.14,0.17,0.07,0.12,0.14,0.11,0.13,0.13,0.15,0.12,0.08,0.10
 97779,187897,5944, 4.48,0.12,0.02,0.07,0.08,0.10,0.10,0.15,0.10,0.13,0.09,0.07,0.20,0.25
 98020,188510,5379, 4.51,-1.69,-0.88,-1.92,-1.32,98.30,-1.52,-1.43,-1.48,-1.64,-1.76,-1.63,-1.89,-1.88
 98355,188815,6232, 4.18,-0.62,99.37,-0.54,-0.45,-0.65,-0.56,-0.52,-0.51,-0.61,-0.64,-0.65,-0.75,-0.73
 98416,189340,5867, 4.32,-0.08,0.00,-0.07,-0.02,0.00,-0.07,0.00,-0.06,-0.06,-0.14,-0.16,-0.01,0.03
 98532,189558,5718, 3.85,-1.14,-0.65,-1.22,-0.69,-0.98,-0.86,-0.81,-0.87,-1.13,-1.16,-0.98,-0.93,-0.95
 98565,189712,6500, 3.87,-0.49,-0.24,-0.42,-0.34,-0.58,-0.43,-0.41,-0.44,-0.50,-0.54,-0.60,-0.50,-0.24
 98767,190360,5572, 4.47,0.26,0.28,0.29,0.29,0.30,0.30,0.21,0.35,0.30,0.31,0.36,0.31,0.15
 98785,190009,6361, 3.87,0.05,0.11,0.10,0.13,0.06,0.07,0.09,0.02,0.04,-0.02,-0.02,0.10,0.34
 98964,190594,5340, 4.45,0.06,0.32,0.06,0.17,0.21,0.18,0.00,0.21,0.08,0.11,0.16,0.17,-0.04
 99100,190873,5493, 4.35,-0.09,0.18,-0.09,0.03,0.06,0.01,-0.07,0.03,-0.08,-0.06,0.07,-0.13,-0.11
 99139,190649,5612, 4.32,-0.37,0.11,-0.31,-0.05,-0.11,-0.17,-0.21,-0.09,-0.37,-0.33,-0.23,-0.37,-0.49
 99174,190125,5682, 4.48,0.17,0.13,0.19,0.15,0.13,0.20,0.18,0.22,0.23,0.16,0.09,0.30,0.15
 99224,191069,5684, 4.28,-0.07,99.92,-0.02,0.10,0.06,0.01,-0.04,0.05,-0.03,-0.05,0.06,-0.14,-0.12
 99240,190248,5635, 4.36,0.37,0.18,0.46,0.35,0.44,0.41,0.34,0.41,0.39,0.42,0.47,0.32,0.21
 99551,190207,5828, 4.23,-0.22,-0.03,-0.25,-0.01,-0.08,-0.16,-0.14,-0.09,-0.24,-0.25,-0.07,-0.31,-0.22
 99799,192071,5804, 3.97,-0.29,-0.20,-0.31,-0.19,-0.22,-0.26,-0.24,-0.24,-0.31,-0.34,-0.31,-0.46,-0.40
100394,193565,6537, 4.07,-0.68,-0.21,-0.62,-0.35,-0.59,-0.50,-0.51,-0.48,-0.73,-0.72,-0.68,-0.76,-0.79
100405,193231,5416, 4.43,-0.53,-0.12,-0.52,-0.36,-0.35,-0.41,-0.46,-0.41,-0.48,-0.54,-0.43,-0.58,-0.59
100412,193307,6043, 4.21,-0.26,-0.12,-0.28,-0.18,-0.17,-0.23,-0.18,-0.18,-0.26,-0.31,-0.25,-0.35,-0.24
100568,193901,5800, 4.48,-1.10,98.89,-1.35,-0.88,98.89,-1.03,-0.90,-0.92,-1.09,-1.25,-1.15,-1.19,-1.22
100792,194598,6002, 4.31,-1.11,98.88,-1.17,-0.93,98.88,-0.98,-0.89,-0.93,-1.08,-1.19,-1.08,-1.21,-1.26
100942,194490,5857, 4.33,0.08,0.01,0.10,0.08,0.09,0.10,0.07,0.10,0.08,0.09,0.07,0.07,0.02
100970,195019,5748, 4.07,0.03,0.01,-0.06,0.10,0.06,0.04,0.07,0.01,0.01,-0.02,0.03,-0.11,0.00
101346,195633,6117, 3.98,-0.58,-0.34,-0.51,-0.35,-0.56,-0.49,-0.48,-0.49,-0.58,-0.63,-0.61,-0.70,-0.62
101399,195145,5643, 4.44,0.24,0.09,0.24,0.14,0.19,0.24,0.19,0.25,0.24,0.27,0.38,0.27,0.17
101857,195962,5712, 4.26,-0.01,0.00,-0.03,0.03,0.04,0.01,-0.02,-0.02,-0.01,-0.04,-0.11,-0.10,-0.10
102018,196800,5933, 4.12,0.13,0.10,0.22,0.15,0.14,0.17,0.13,0.07,0.12,0.15,0.08,-0.05,0.02
102046,196892,6009, 4.13,-1.05,-0.45,-1.01,-0.61,-0.78,-0.76,-0.77,-0.77,-1.02,-1.06,-0.94,-0.96,-1.06
102200,197083,5718, 4.40,-0.48,-0.22,-0.54,-0.30,-0.41,-0.43,-0.40,-0.40,-0.49,-0.53,-0.49,-0.59,-0.39
102264,197214,5594, 4.57,-0.24,-0.14,-0.28,-0.20,-0.21,-0.22,-0.25,-0.17,-0.21,-0.27,-0.18,-0.18,-0.13
102548,197507,5514, 4.49,-0.25,-0.09,-0.34,-0.21,-0.25,-0.23,-0.23,-0.24,-0.22,-0.31,-0.29,-0.15,-0.04
102580,197823,5351, 4.45,0.11,0.11,0.12,0.08,0.10,0.17,0.09,0.10,0.16,0.15,0.20,0.16,0.11
102610,198089,5845, 4.23,-0.25,-0.12,-0.27,-0.12,-0.20,-0.21,-0.19,-0.20,-0.27,-0.29,-0.01,-0.46,-0.30
102762,198188,5948, 4.30,-0.04,-0.06,0.00,-0.02,-0.07,-0.05,-0.04,-0.07,-0.07,-0.07,-0.06,-0.12,-0.03
102793,198273,5770, 4.03,-0.57,99.42,-0.48,-0.27,-0.36,-0.42,-0.40,-0.35,-0.57,-0.57,-0.49,-0.74,-0.78
102838,198416,5625, 4.27,-0.32,0.07,-0.27,-0.04,-0.05,-0.15,-0.16,-0.11,-0.31,-0.31,-0.14,-0.43,-0.36
103458,199288,5843, 4.53,-0.61,-0.26,-0.58,-0.35,-0.36,-0.48,-0.46,-0.34,-0.61,-0.60,-0.49,-0.69,-0.68
103498,199289,5856, 4.23,-1.11,-0.50,-1.03,-0.68,-0.88,-0.87,-0.86,-0.85,-1.14,-1.12,-0.92,-1.22,-1.40
103572,199604,5853, 4.26,-0.66,-0.20,-0.58,-0.31,-0.45,-0.47,-0.45,-0.41,-0.66,-0.65,-0.51,-0.79,-0.78
103609,199671,4993, 3.74,-0.31,0.10,-0.18,0.04,0.03,-0.09,-0.11,-0.03,-0.27,-0.25,-0.13,-0.30,-0.39
103654,199190,5940, 4.26,0.14,0.05,0.22,0.22,0.19,0.17,0.13,0.11,0.11,0.16,0.12,0.05,0.05
103682,199960,6023, 4.41,0.33,0.09,0.39,0.32,0.43,0.33,0.32,0.34,0.35,0.38,0.35,0.25,0.18
103692,200078,5694, 4.11,0.26,0.19,0.37,0.25,0.31,0.32,0.25,0.24,0.26,0.31,0.57,0.14,0.20
103735,199918,5713, 4.33,-0.26,-0.07,-0.20,-0.11,-0.13,-0.23,-0.14,-0.21,-0.21,-0.32,-0.29,-0.31,-0.21
103773,200051,5650, 3.74,-0.29,-0.20,-0.27,-0.13,-0.18,-0.24,-0.22,-0.23,-0.32,-0.33,-0.31,-0.40,-0.22
103881,200315,6493, 4.14,-0.54,-0.37,-0.47,-0.37,-0.64,-0.46,-0.45,-0.46,-0.58,-0.59,-0.71,-0.62,-0.47
103896,200297,5724, 4.49,-0.24,-0.16,-0.27,-0.17,-0.15,-0.19,-0.20,-0.20,-0.26,-0.28,-0.35,-0.19,-0.15
103990,200344,6127, 3.99,0.11,0.06,0.22,0.23,0.16,0.15,0.15,0.07,0.08,0.12,0.12,0.02,0.15
104045,200633,5835, 4.45,0.04,-0.03,0.02,0.05,0.04,0.04,0.05,0.02,0.02,0.02,0.02,0.03,0.06
104075,200746,5947, 4.45,-0.01,-0.09,-0.05,-0.10,-0.03,-0.06,0.06,-0.03,0.01,-0.10,-0.18,0.02,0.26
104152,200474,5964, 4.25,0.15,0.04,0.21,0.21,0.21,0.18,0.16,0.16,0.14,0.18,0.11,0.10,0.17
104294,201099,5902, 3.95,-0.44,-0.19,-0.48,-0.28,-0.37,-0.38,-0.35,-0.39,-0.49,-0.50,-0.50,-0.66,-0.47
104560,201588,5802, 4.42,-0.51,-0.29,-0.46,-0.30,-0.37,-0.43,-0.44,-0.43,-0.53,-0.53,-0.49,-0.64,-0.54
104659,201891,5973, 4.35,-1.08,-0.62,-0.97,-0.67,-0.83,-0.87,-0.86,-0.85,-1.06,-1.09,-1.00,-1.22,-1.30
104672,201876,6148, 4.07,-0.04,-0.06,-0.02,0.07,-0.02,-0.04,-0.01,-0.06,-0.08,-0.09,-0.11,-0.13,-0.02
104766,201945,6246, 4.07,-0.19,-0.16,-0.18,-0.07,-0.12,-0.14,-0.11,-0.19,-0.23,-0.26,-0.27,-0.23,-0.10
104922,202282,5804, 4.46,0.05,-0.05,0.05,0.07,0.06,0.07,0.05,0.04,0.06,0.04,0.02,0.06,0.06
105083,202578,6706, 4.06,-0.21,-0.01,-0.18,-0.05,-0.18,-0.19,-0.15,-0.19,-0.28,-0.28,0.03,-0.25,-0.06
105214,202457,5689, 4.07,0.06,0.09,0.08,0.17,0.18,0.12,0.08,0.10,0.05,0.08,0.23,-0.07,0.01
105521,203473,5872, 4.16,0.23,0.10,0.33,0.28,0.29,0.26,0.21,0.24,0.21,0.26,0.24,0.16,0.16
105541,203254,5586, 3.78,-0.20,-0.15,-0.17,-0.06,-0.06,-0.15,-0.14,-0.16,-0.21,-0.22,-0.12,-0.30,-0.24
105606,203432,5607, 4.42,0.30,0.18,0.37,0.25,0.32,0.34,0.28,0.30,0.33,0.38,0.46,0.27,0.22
105790,203373,5081, 3.76,-0.28,0.01,-0.25,-0.05,-0.03,-0.12,-0.17,-0.09,-0.26,-0.25,-0.14,-0.31,-0.40
105858,203608,6195, 4.36,-0.63,-0.43,-0.51,-0.49,-0.50,-0.56,-0.57,-0.55,-0.64,-0.65,-0.66,-0.78,-0.58
106006,204313,5761, 4.37,0.16,0.07,0.25,0.18,0.21,0.20,0.14,0.15,0.16,0.21,0.26,0.14,0.10
106560,205156,5646, 4.37,-0.66,-0.14,-0.57,-0.37,-0.37,-0.47,-0.46,-0.41,-0.65,-0.65,-0.49,-0.75,-0.75
106678,205656,5646, 4.13,0.01,0.11,0.04,0.17,0.17,0.11,0.05,0.06,0.00,0.02,0.07,-0.15,-0.06
106701,205545,5701, 4.50,0.08,0.05,0.06,0.02,0.06,0.07,0.10,0.08,0.12,0.05,0.11,0.15,0.17
106931,205891,5508, 4.46,-0.20,-0.02,-0.21,-0.13,-0.13,-0.15,-0.21,-0.13,-0.17,-0.19,-0.12,-0.29,-0.22
106951,206032,5743, 3.87,-0.24,-0.21,-0.26,-0.12,-0.13,-0.19,-0.13,-0.20,-0.28,-0.27,-0.13,-0.36,-0.23
107607,206998,5813, 3.98,-0.77,-0.25,-0.66,-0.40,-0.47,-0.54,-0.53,-0.53,-0.79,-0.77,-0.68,-0.88,-0.86
107618,207237,5702, 4.27,-0.31,-0.05,-0.36,-0.14,-0.23,-0.23,-0.26,-0.27,-0.31,-0.36,-0.24,-0.44,-0.36
107708,207398,5720, 3.80,-0.45,-0.30,-0.37,-0.29,-0.30,-0.40,-0.38,-0.37,-0.47,-0.47,-0.44,-0.55,-0.34
107857,207687,5107, 3.47,-0.75,-0.25,-0.67,-0.36,-0.41,-0.50,-0.48,-0.43,-0.74,-0.72,-0.57,-0.68,-0.82
107877,207692,6355, 4.20,-0.24,-0.23,-0.28,-0.08,-0.22,-0.19,-0.17,-0.23,-0.27,-0.31,-0.24,0.01,0.06
107975,207978,6578, 4.22,-0.47,99.52,-0.38,-0.36,-0.46,-0.43,-0.38,-0.32,-0.57,-0.48,-0.55,-0.54,-0.25
108068,208029,5600, 4.38,-0.34,0.11,-0.27,-0.04,-0.07,-0.15,-0.19,-0.08,-0.32,-0.31,-0.13,-0.34,-0.42
108095,208068,5998, 4.40,-0.42,-0.28,-0.37,-0.32,-0.40,-0.41,-0.32,-0.38,-0.42,-0.48,-0.53,-0.50,-0.31
108158,207700,5613, 4.30,0.03,0.22,0.05,0.12,0.16,0.12,0.04,0.14,0.05,0.05,0.11,0.03,0.00
108288,208152,5963, 4.22,-0.31,-0.18,-0.33,-0.17,-0.24,-0.25,-0.23,-0.27,-0.35,-0.36,-0.28,-0.47,-0.39
108468,208704,5799, 4.25,-0.08,-0.05,-0.14,-0.08,-0.08,-0.09,-0.06,-0.09,-0.10,-0.13,0.04,-0.21,-0.09
108473,208776,5987, 3.95,-0.11,-0.09,-0.09,-0.01,-0.04,-0.07,-0.06,-0.13,-0.13,-0.14,-0.15,-0.17,-0.02
108598,208740,5062, 4.64,-0.75,-0.12,-0.72,-0.36,-0.42,-0.48,-0.55,-0.34,-0.65,-0.70,-0.44,-0.31,-0.93
108736,208998,5990, 4.47,-0.29,0.02,-0.26,-0.06,-0.04,-0.15,-0.13,-0.02,-0.27,-0.28,-0.13,-0.36,-0.40
109012,209566,5430, 4.42,0.13,0.18,0.12,0.16,0.17,0.19,0.09,0.16,0.15,0.20,0.32,0.16,0.12
109086,209793,6075, 4.33,0.01,-0.09,0.07,0.06,0.02,0.02,0.01,-0.01,-0.02,0.01,0.00,-0.07,0.02
109110,209779,5841, 4.55,0.04,-0.04,-0.02,-0.04,-0.02,-0.01,0.12,0.05,0.09,-0.03,-0.22,0.12,0.26
109144,209875,6272, 4.21,-0.08,-0.16,-0.06,0.00,-0.07,-0.07,-0.02,-0.10,-0.13,-0.14,-0.17,-0.12,0.00
109207,209913,5496, 4.43,0.19,0.26,0.17,0.25,0.31,0.27,0.16,0.26,0.22,0.24,0.30,0.27,0.19
109214,209653,5976, 4.11,-0.14,-0.09,-0.12,0.00,-0.03,-0.09,-0.10,-0.13,-0.16,-0.16,-0.18,-0.28,-0.16
109266,209828,6224, 4.34,-0.37,-0.34,-0.41,-0.17,-0.22,-0.31,-0.19,-0.19,-0.42,-0.41,-0.40,-0.45,-0.29
109378,210277,5540, 4.51,0.24,0.20,0.26,0.26,0.30,0.28,0.16,0.34,0.26,0.28,0.34,0.31,0.19
109381,210193,5803, 4.46,0.13,0.06,0.15,0.11,0.08,0.14,0.12,0.13,0.14,0.15,0.34,0.13,0.15
109450,210483,5921, 4.32,-0.06,-0.05,-0.08,0.01,0.07,-0.06,-0.05,-0.03,-0.04,-0.09,-0.06,-0.17,-0.10
109650,210775,5723, 4.43,-0.20,-0.09,-0.25,-0.18,-0.20,-0.23,-0.13,-0.15,-0.16,-0.28,-0.26,-0.16,0.02
109795,210900,5848, 3.78,-0.13,-0.13,-0.07,0.00,-0.03,-0.08,-0.07,-0.16,-0.16,-0.16,-0.09,-0.23,-0.05
109821,210918,5797, 4.45,-0.07,0.00,-0.13,-0.02,0.03,-0.08,-0.08,0.02,-0.09,-0.10,-0.11,-0.15,-0.11
110028,211366,5828, 4.37,0.20,0.07,0.25,0.15,0.20,0.22,0.20,0.18,0.21,0.24,0.19,0.16,0.13
110035,211476,5907, 4.42,-0.14,-0.19,-0.18,-0.10,-0.12,-0.14,-0.12,-0.12,-0.16,-0.17,0.02,-0.23,-0.11
110084,211467,5365, 4.35,-0.27,0.11,-0.28,-0.06,-0.07,-0.08,-0.18,-0.06,-0.25,-0.25,-0.17,-0.22,-0.39
110102,211332,5796, 4.07,-0.27,-0.12,-0.28,-0.04,-0.13,-0.21,-0.15,-0.22,-0.26,-0.34,-0.29,-0.49,-0.33
110109,211415,5825, 4.38,-0.23,-0.13,-0.22,-0.15,-0.14,-0.18,-0.21,-0.18,-0.22,-0.25,-0.23,-0.30,-0.20
110341,211976,6577, 4.35,-0.09,-0.11,-0.13,-0.04,-0.15,-0.10,-0.01,-0.04,-0.12,-0.17,-0.22,-0.04,0.12
110454,212142,5678, 3.78,-0.26,-0.23,-0.24,-0.11,-0.22,-0.25,-0.21,-0.25,-0.28,-0.29,-0.24,-0.29,-0.16
110468,212038,4996, 4.65,-0.77,-0.25,-0.76,-0.40,-0.44,-0.56,-0.52,-0.29,-0.59,-0.75,-0.65,-0.43,-0.90
110512,212231,5802, 4.29,-0.27,0.05,-0.25,-0.10,-0.04,-0.17,-0.18,-0.08,-0.25,-0.27,-0.10,-0.38,-0.30
110712,212168,5952, 4.29,0.02,-0.07,-0.02,0.05,0.01,0.01,0.04,0.01,0.00,0.00,0.10,-0.05,0.06
110843,212708,5656, 4.41,0.29,0.19,0.38,0.20,0.30,0.32,0.24,0.28,0.31,0.35,0.34,0.30,0.25
111274,213575,5622, 4.07,-0.17,0.13,-0.11,0.05,0.07,-0.04,-0.07,0.00,-0.18,-0.16,-0.08,-0.29,-0.26
111312,213612,5145, 3.61,-0.26,-0.19,-0.21,-0.10,-0.12,-0.17,-0.17,-0.19,-0.26,-0.25,-0.26,-0.30,-0.22
111517,214059,5522, 3.93,-0.34,0.07,-0.24,-0.06,-0.08,-0.16,-0.18,-0.12,-0.35,-0.32,-0.21,-0.41,-0.41
111565,213941,5534, 4.44,-0.48,0.01,-0.42,-0.14,-0.20,-0.27,-0.29,-0.22,-0.43,-0.44,-0.19,-0.52,-0.57
111648,214067,5282, 4.52,-0.45,0.05,-0.41,-0.15,-0.14,-0.21,-0.31,-0.10,-0.38,-0.40,-0.25,-0.25,-0.66
111746,214385,5638, 4.41,-0.37,-0.14,-0.38,-0.27,-0.27,-0.31,-0.33,-0.32,-0.37,-0.40,-0.35,-0.47,-0.44
111978,214759,5353, 4.47,0.19,0.21,0.21,0.13,0.16,0.26,0.11,0.18,0.22,0.28,0.28,0.21,0.19
112151,215110,5039, 3.49,-0.45,99.54,-0.39,-0.14,-0.11,-0.22,-0.26,-0.11,-0.44,-0.36,-0.34,-0.39,-0.55
112201,214954,5692, 4.33,0.13,0.13,0.19,0.12,0.19,0.19,0.14,0.13,0.14,0.19,0.12,0.10,0.14
112243,215220,5527, 4.35,-0.18,0.10,-0.16,-0.02,-0.03,-0.06,-0.12,-0.06,-0.18,-0.17,0.09,-0.25,-0.22
113044,216435,6024, 4.10,0.26,0.07,0.34,0.31,0.36,0.29,0.28,0.25,0.24,0.29,0.26,0.26,0.25
113113,216436,5613, 4.36,-0.14,-0.06,-0.23,-0.11,-0.10,-0.12,-0.12,-0.14,-0.14,-0.19,-0.19,-0.27,-0.15
113137,216437,5975, 4.41,0.29,0.06,0.34,0.25,0.36,0.28,0.28,0.38,0.33,0.34,0.37,0.24,0.23
113174,216756,6860, 4.11,-0.08,99.91,-0.09,-0.15,99.91,-0.12,0.01,-0.01,-0.08,-0.16,-0.20,-0.03,0.56
113357,217014,5858, 4.44,0.24,-0.01,0.33,0.17,0.29,0.22,0.22,0.28,0.25,0.29,0.29,0.20,0.17
113386,217004,5736, 3.94,-0.06,-0.11,-0.04,0.00,0.03,-0.03,-0.02,-0.03,-0.06,-0.07,-0.09,-0.16,-0.09
113421,217107,5647, 4.42,0.34,0.20,0.46,0.35,0.37,0.33,0.27,0.37,0.37,0.39,0.38,0.33,0.21
113454,217084,5665, 4.41,-0.28,-0.14,-0.30,-0.21,-0.26,-0.26,-0.23,-0.25,-0.24,-0.32,-0.28,-0.26,-0.16
113543,217276,5793, 3.99,-0.28,-0.03,-0.28,0.00,-0.08,-0.19,-0.15,-0.15,-0.24,-0.34,-0.20,-0.39,-0.29
113677,217500,5423, 3.80,-0.12,-0.06,-0.12,-0.02,-0.03,-0.07,-0.07,-0.08,-0.13,-0.13,-0.04,-0.20,-0.13
113688,217577,5757, 4.29,-0.14,-0.03,-0.23,-0.16,-0.12,-0.14,-0.11,-0.11,-0.14,-0.21,-0.15,-0.20,-0.18
113777,217597,5070, 3.74,-0.24,0.05,-0.20,-0.01,0.01,-0.08,-0.11,-0.01,-0.24,-0.18,-0.03,-0.23,-0.33
114040,218050,5605, 4.36,0.02,0.16,0.04,0.13,0.13,0.09,0.03,0.11,0.03,0.05,0.28,-0.04,-0.05
114333,218510,5748, 4.28,0.04,0.05,0.06,0.10,0.08,0.07,0.05,0.05,0.04,0.04,0.08,-0.03,0.03
114450,218807,5935, 4.40,-0.05,-0.09,-0.05,0.00,-0.04,-0.03,-0.04,-0.07,-0.07,-0.09,-0.12,-0.13,-0.03
114460,218632,5386, 4.44,-0.03,0.15,-0.06,0.06,-0.02,0.05,-0.05,0.02,-0.01,-0.02,0.06,-0.04,-0.10
114576,219018,5876, 4.33,0.06,0.03,0.10,0.15,0.14,0.09,0.06,0.11,0.05,0.07,0.06,0.01,-0.05
114584,219019,5733, 4.40,-0.14,-0.06,-0.19,-0.13,-0.11,-0.13,-0.08,-0.09,-0.13,-0.18,-0.23,-0.09,0.00
114590,218960,5796, 4.09,0.20,0.09,0.27,0.25,0.27,0.25,0.19,0.18,0.18,0.23,0.34,0.12,0.10
114615,219057,5799, 4.44,-0.05,-0.06,-0.10,-0.07,-0.11,-0.08,-0.05,-0.05,-0.05,-0.11,-0.14,-0.01,0.03
114702,219175,6028, 4.33,-0.34,-0.27,-0.32,-0.24,-0.32,-0.32,-0.29,-0.33,-0.36,-0.38,-0.74,-0.45,-0.35
114709,219122,5977, 4.34,-0.29,-0.24,-0.29,-0.17,-0.25,-0.26,-0.24,-0.28,-0.32,-0.35,-0.34,-0.38,-0.22
114743,219218,5343, 3.77,-0.14,0.11,-0.09,0.04,0.07,-0.03,-0.07,-0.04,-0.15,-0.13,-0.05,-0.22,-0.21
114761,219221,6712, 4.07,-0.65,-0.47,-0.50,-0.48,-0.65,-0.60,-0.60,-0.57,-0.70,-0.73,-0.53,-0.65,-0.71
114962,219617,5935, 4.32,-1.50,-0.83,-1.68,-1.14,98.49,-1.32,-1.25,-1.26,-1.57,-1.68,-1.38,98.49,-1.85
115286,220066,5745, 3.82,-0.08,-0.03,-0.06,0.10,0.03,-0.03,-0.03,-0.07,-0.11,-0.11,-0.08,-0.26,-0.19
115411,220293,5430, 4.51,-0.45,-0.14,-0.47,-0.30,-0.32,-0.36,-0.40,-0.36,-0.45,-0.46,-0.28,-0.46,-0.42
115577,220507,5648, 4.30,0.00,0.20,0.01,0.11,0.16,0.09,0.03,0.11,0.01,0.02,0.20,-0.04,-0.01
115662,220689,5937, 4.32,-0.03,-0.05,-0.01,0.03,-0.02,-0.01,-0.02,-0.05,-0.06,-0.04,-0.04,-0.13,-0.05
115792,220818,6480, 4.12,-0.11,-0.12,-0.14,-0.03,-0.09,-0.10,-0.03,-0.07,-0.15,-0.17,-0.19,-0.04,0.16
115803,220894,6275, 4.30,0.01,-0.07,-0.01,0.04,-0.06,0.03,0.07,-0.03,-0.04,-0.06,-0.02,0.00,0.12
115861,220981,5618, 4.26,0.25,0.20,0.26,0.29,0.27,0.30,0.25,0.33,0.26,0.28,0.64,0.24,0.16
115917,221054,6189, 4.34,-0.52,-0.39,-0.46,-0.38,-0.51,-0.47,-0.45,-0.42,-0.54,-0.57,-0.43,-0.67,-0.61
116033,221257,5856, 4.31,-0.08,-0.05,-0.11,-0.08,-0.06,-0.07,-0.05,-0.03,-0.11,-0.11,-0.13,-0.18,-0.14
116410,221822,5347, 4.44,-0.37,-0.05,-0.41,-0.18,-0.24,-0.26,-0.32,-0.26,-0.33,-0.39,-0.31,-0.37,-0.49
116421,221830,5769, 4.32,-0.43,99.56,-0.38,-0.14,-0.09,-0.22,-0.22,-0.09,-0.42,-0.38,-0.38,-0.41,-0.44
116478,221914,5567, 4.38,-0.07,0.01,-0.05,0.01,0.00,0.01,-0.06,-0.06,-0.06,-0.07,-0.03,-0.10,-0.15
116740,222317,5765, 3.86,0.07,100.06,0.14,0.35,0.14,0.09,0.25,-0.01,0.04,0.02,0.19,-0.08,0.22
116906,222582,5792, 4.36,0.02,-0.01,0.03,0.05,0.06,0.03,0.03,0.05,-0.01,0.02,0.03,-0.07,0.03
117320,223171,5853, 4.07,0.16,0.03,0.17,0.15,0.12,0.17,0.16,0.18,0.14,0.16,0.07,0.07,0.03
117364,223241,5819, 4.31,-0.05,-0.08,-0.11,0.05,0.03,-0.03,0.00,-0.02,-0.09,-0.08,-0.11,-0.14,-0.05
117526,223498,5540, 4.35,0.20,0.09,0.17,0.17,0.18,0.23,0.16,0.26,0.22,0.22,0.10,0.29,0.16
117627,223641,5338, 3.70,-0.36,-0.19,-0.39,-0.16,-0.14,-0.27,-0.25,-0.27,-0.36,-0.40,-0.33,-0.46,-0.40
117880,224022,6236, 4.46,0.21,0.01,0.23,0.18,0.25,0.17,0.22,0.26,0.19,0.22,0.18,0.16,0.15
117902,224063,5588, 4.39,0.16,0.21,0.15,0.27,0.28,0.23,0.14,0.23,0.19,0.20,0.50,0.14,0.15
117961,224147,5620, 3.91,0.04,0.01,0.00,0.12,0.13,0.05,0.08,0.03,0.02,-0.01,0.33,-0.11,0.02
118010,224233,5822, 4.28,-0.07,99.92,-0.14,-0.03,0.04,-0.05,-0.03,0.02,-0.09,-0.10,-0.07,-0.16,0.00
118115,224383,5833, 4.39,0.02,-0.06,-0.05,0.03,0.07,-0.02,0.02,0.08,0.00,-0.02,-0.04,-0.12,-0.03
118141,224431,6157, 3.77,-0.38,-0.21,-0.32,-0.19,-0.33,-0.29,-0.30,-0.35,-0.41,-0.45,-0.44,-0.47,-0.27
118143,224433,5476, 4.47,0.05,0.08,0.08,0.08,0.06,0.10,0.02,0.04,0.07,0.08,0.07,0.10,0.05
,,,,,,,,,,,0,,,,,
