Name,Teff,log(g),[Na/H],[Si/H],[Ti/H],[Fe/H],[Ni/H]
HD225261,5265,4.59,-0.35,-0.25,-0.28,-0.44,-0.43
HD105,6126,4.65,-0.20,-0.02,0.05,0.08,-0.06
HD142,6249,4.19,0.07,0.10,0.07,0.10,0.04
HD166,5577,4.58,0.10,0.08,0.11,0.18,0.11
HD283,5094,4.57,-0.56,-0.38,-0.45,-0.55,-0.56
HD377,5873,4.28,0.00,0.05,0.07,0.15,0.04
HD400,6152,4.19,-0.30,-0.17,-0.14,-0.21,-0.29
HD531,5778,4.71,0.05,0.10,0.24,0.21,0.07
BD+079s,5707,4.62,-0.01,0.09,0.16,0.18,0.04
HD691,5633,4.66,0.18,0.20,0.26,0.32,0.23
HD984,6490,4.83,-0.06,0.05,-0.03,0.09,0.01
HD1388,5952,4.42,-0.09,-0.01,0.02,0.00,-0.04
HD1461,5765,4.41,0.29,0.19,0.17,0.18,0.22
HD1581,5948,4.46,-0.22,-0.15,-0.15,-0.22,-0.24
HD1835,5837,4.47,0.26,0.19,0.13,0.25,0.20
HD1832,5731,4.27,-0.07,-0.04,-0.04,-0.03,-0.06
HD2039,5941,4.38,0.41,0.33,0.25,0.32,0.34
HD2025,4865,4.61,-0.27,-0.19,-0.24,-0.29,-0.33
HD2071,5693,4.46,-0.11,-0.07,-0.11,-0.09,-0.12
HD2151,5873,4.08,-0.05,-0.06,-0.02,-0.07,-0.08
HD2587,5572,4.36,0.28,0.27,0.18,0.26,0.31
HD2589,5120,3.96,-0.11,-0.06,0.03,-0.04,-0.06
HD3074,5911,4.12,-0.01,0.02,-0.03,0.00,-0.02
HD3079,6071,4.24,-0.05,-0.03,-0.02,-0.08,-0.11
HD3277,5539,4.47,-0.05,-0.05,-0.08,-0.07,-0.08
HD3651,5221,4.45,0.24,0.13,0.11,0.16,0.16
HD3674,6209,4.28,0.01,0.09,0.06,0.09,0.03
HD3770,6111,4.10,-0.02,0.00,0.03,-0.01,-0.05
HD3823,6014,4.23,-0.29,-0.21,-0.14,-0.27,-0.30
HD3795,5369,4.16,-0.47,-0.36,-0.26,-0.58,-0.54
HD3821,5828,4.46,-0.19,-0.09,-0.07,-0.06,-0.15
HD3765,5032,4.59,0.21,0.16,0.09,0.18,0.14
HD3861,6223,4.26,-0.03,0.08,0.06,0.08,0.01
HD4208,5600,4.52,-0.27,-0.21,-0.23,-0.28,-0.31
HD4308,5695,4.58,-0.24,-0.12,-0.09,-0.31,-0.27
HD4203,5702,4.36,0.50,0.40,0.40,0.45,0.47
HD4256,4930,4.80,0.27,0.29,0.24,0.34,0.32
HD4271,6149,4.28,0.01,0.02,0.02,0.02,-0.04
HD4307,5839,4.10,-0.29,-0.18,-0.07,-0.19,-0.22
HD4628,4944,4.51,-0.27,-0.28,-0.23,-0.27,-0.30
HD4614,5941,4.44,-0.22,-0.19,-0.20,-0.25,-0.27
HD4747,5335,4.65,-0.29,-0.19,-0.22,-0.22,-0.29
HD4915,5650,4.57,-0.24,-0.15,-0.16,-0.19,-0.24
HD4903,6086,4.15,-0.07,-0.02,0.01,-0.03,-0.07
HD5065,5957,4.13,-0.10,-0.04,0.02,-0.05,-0.07
HD5133,4968,4.80,-0.15,0.03,-0.06,-0.04,-0.10
HD5372,5877,4.40,0.28,0.22,0.18,0.21,0.24
HD5562,5453,4.15,0.18,0.16,0.17,0.22,0.20
HD5470,5966,4.32,0.30,0.23,0.12,0.24,0.26
HD6558,6086,4.26,0.29,0.25,0.25,0.26,0.28
HD6735,6085,4.45,-0.12,-0.04,-0.06,-0.07,-0.12
HD6706,6540,4.18,0.17,0.15,0.45,0.26,0.00
HD6734,5067,3.81,-0.25,-0.27,-0.10,-0.41,-0.37
HD6872B,6333,4.37,-0.09,-0.10,-0.01,-0.06,-0.14
HD6872,6409,4.21,-0.23,-0.10,-0.08,-0.05,-0.17
HD6963,5495,4.54,-0.31,-0.19,-0.19,-0.15,-0.25
HD7199,5382,4.44,0.49,0.33,0.28,0.36,0.40
HD7047,5898,4.25,-0.05,-0.07,-0.08,-0.09,-0.11
HD7228,6153,4.07,-0.08,-0.03,0.01,-0.05,-0.11
HD7693,4982,4.78,0.12,0.25,0.00,0.23,0.18
HD7570,6116,4.33,0.17,0.17,0.13,0.16,0.16
HD7661,5421,4.46,-0.06,0.00,-0.01,0.06,-0.04
HD7590,6031,4.54,-0.21,-0.05,-0.03,-0.03,-0.13
HD7727,6022,4.25,0.00,0.05,0.01,0.05,0.01
HD8038,5689,4.51,0.11,0.14,0.13,0.18,0.16
BD-12243,5421,4.56,-0.05,-0.05,-0.01,0.06,-0.05
HD7924,5177,4.58,-0.16,-0.16,-0.13,-0.15,-0.22
HD8262,5761,4.46,-0.21,-0.12,-0.16,-0.16,-0.20
HD8331,5695,4.05,-0.08,-0.02,0.02,-0.01,-0.03
HD8328,5817,4.19,0.46,0.31,0.27,0.36,0.41
HD8574,6050,4.20,-0.03,0.00,0.04,-0.01,-0.03
HD8648,5790,4.35,0.20,0.16,0.14,0.17,0.18
HD8673,6340,4.21,0.13,0.17,0.06,0.15,0.05
HD8765,5590,4.23,0.28,0.17,0.16,0.19,0.17
HD8941,6226,4.05,0.24,0.17,0.16,0.19,0.14
HD8907,6204,4.35,-0.28,-0.08,-0.12,-0.02,-0.17
HD9070,5657,4.36,0.31,0.30,0.22,0.30,0.31
HD9280,5759,4.42,0.34,0.35,0.35,0.38,0.37
HD9224,5843,4.24,0.00,0.00,0.00,0.00,0.00
HD9331,5484,4.32,0.08,0.17,0.04,0.13,0.09
HD9540,5462,4.56,-0.09,-0.06,-0.04,-0.02,-0.09
HD9472,5867,4.67,-0.10,-0.02,0.05,0.05,-0.06
HD9562,5939,4.13,0.31,0.21,0.23,0.26,0.28
HD9407,5657,4.48,0.04,0.04,0.00,0.02,0.02
HD9826,6213,4.25,0.15,0.17,0.17,0.15,0.13
HD10002,5281,4.45,0.25,0.20,0.20,0.20,0.19
HD9986,5805,4.45,0.04,0.07,0.05,0.08,0.05
HD10180,5890,4.37,0.14,0.09,0.03,0.08,0.08
HD10126,5537,4.49,0.03,0.02,0.01,0.02,0.01
HD10086,5725,4.46,0.05,0.07,0.07,0.12,0.07
HD10360,5016,4.59,-0.21,-0.22,-0.21,-0.23,-0.26
HD10361,5096,4.61,-0.20,-0.20,-0.18,-0.22,-0.25
HD10145,5638,4.44,-0.06,0.01,0.02,-0.01,-0.05
HD10647,6105,4.34,-0.18,-0.08,-0.11,-0.08,-0.15
HD10476,5181,4.53,-0.02,-0.04,-0.04,-0.04,-0.08
HD10700,5283,4.59,-0.45,-0.31,-0.31,-0.52,-0.49
HD10697,5680,4.12,0.17,0.13,0.15,0.19,0.17
HD11020,5173,4.62,-0.16,-0.06,-0.08,-0.28,-0.24
HD10780,5327,4.54,-0.05,0.01,-0.02,0.03,-0.03
HD11112,5890,4.24,0.28,0.19,0.15,0.20,0.23
HD11226,6012,4.20,0.05,0.02,0.02,0.03,0.00
HD11151,6405,4.00,0.11,0.11,0.26,0.20,-0.07
HD11505,5758,4.44,-0.16,-0.07,-0.03,-0.22,-0.20
HD11850,5663,4.55,-0.07,0.03,0.05,0.09,-0.01
HD11964,5349,4.03,0.01,0.03,0.10,0.12,0.10
HD12051,5495,4.62,0.21,0.23,0.18,0.26,0.21
HD12235,6097,4.29,0.46,0.32,0.27,0.33,0.36
HD12387,5716,4.52,-0.15,-0.07,-0.05,-0.23,-0.20
HD12328,4919,3.70,-0.12,-0.09,-0.01,0.02,0.03
HD12414,6158,4.04,-0.40,-0.29,-0.25,-0.34,-0.44
HD12661,5743,4.42,0.51,0.35,0.32,0.36,0.42
HD12846,5626,4.42,-0.29,-0.20,-0.19,-0.28,-0.29
HD13043,5897,4.27,0.13,0.09,0.10,0.09,0.09
HD13445,5151,4.59,-0.24,-0.16,-0.17,-0.27,-0.28
BD+13343B,5442,4.53,-0.04,-0.01,0.01,0.02,-0.03
HD13357,5696,4.47,-0.11,-0.02,-0.04,-0.01,-0.07
HD13612B,5741,4.50,0.12,0.11,0.11,0.13,0.13
HD13507,5755,4.56,-0.10,-0.03,0.01,0.03,-0.06
HD13531,5621,4.52,-0.12,-0.06,-0.04,0.01,-0.10
BD-01306,5625,4.67,-1.00,-0.61,-0.59,-0.96,-0.99
HD13825,5711,4.44,0.31,0.19,0.16,0.19,0.24
HD13579,5211,4.59,0.47,0.30,0.26,0.35,0.35
HD13931,5830,4.30,0.03,0.04,0.06,0.03,0.02
HD14082B,5975,4.59,-0.12,0.00,0.05,0.07,-0.03
HD14082,6219,4.43,-0.17,0.03,0.14,0.09,-0.02
HD14412,5374,4.69,-0.46,-0.37,-0.40,-0.47,-0.51
HD15335,5891,4.07,-0.24,-0.14,-0.06,-0.13,-0.19
HD16141,5794,4.22,0.08,0.11,0.15,0.17,0.14
HD16160,4866,4.66,-0.01,-0.06,0.00,-0.12,-0.11
HD16287,5075,4.67,0.18,0.22,0.08,0.25,0.18
HD16417,5817,4.17,0.09,0.10,0.10,0.13,0.13
HD16275,5839,4.39,0.38,0.30,0.22,0.34,0.34
HD16397,5788,4.50,-0.40,-0.32,-0.28,-0.51,-0.49
HD16548,5750,4.12,0.11,0.13,0.29,0.25,0.22
HD16623,5819,4.49,-0.33,-0.25,-0.16,-0.45,-0.43
HD17051,6097,4.34,0.08,0.10,0.07,0.11,0.07
HD17037,6206,4.32,0.03,0.07,0.10,0.08,0.05
HD16895,6344,4.42,-0.04,0.04,0.04,0.06,-0.03
HD17190,5142,4.40,-0.10,-0.11,-0.12,-0.11,-0.15
HD17925,5236,4.59,0.11,0.06,0.11,0.18,0.10
HD18144,5511,4.48,0.06,0.05,0.04,0.07,0.05
HD18143,5148,4.55,0.34,0.24,0.18,0.28,0.26
HD18262,6458,4.16,0.16,0.25,0.27,0.31,0.22
HD18445,4894,4.57,-0.05,-0.01,-0.11,0.00,-0.15
HD18709,5874,4.37,-0.31,-0.19,-0.16,-0.26,-0.29
HD18632,5088,4.42,0.18,0.13,0.16,0.25,0.16
HD18907,5097,3.93,-0.54,-0.38,-0.27,-0.57,-0.52
HD18803,5638,4.45,0.17,0.11,0.05,0.11,0.11
HD19034,5470,4.63,-0.37,-0.21,-0.17,-0.49,-0.44
HD19467,5715,4.44,-0.12,-0.04,0.00,-0.15,-0.14
HD19308,5807,4.34,0.20,0.14,0.10,0.13,0.15
HD19632,5772,4.49,0.07,0.08,0.05,0.13,0.08
HD19373,6032,4.31,0.18,0.16,0.12,0.16,0.18
HD20029,6140,4.28,0.09,0.12,0.09,0.12,0.10
HD19994,6188,4.24,0.27,0.21,0.22,0.19,0.24
HD20201,5977,4.38,-0.05,0.08,0.08,0.08,0.05
HD20165,5110,4.49,0.01,-0.02,-0.07,-0.03,-0.05
HD20766,5699,4.58,-0.27,-0.18,-0.20,-0.24,-0.26
HD20807,5845,4.54,-0.28,-0.18,-0.20,-0.26,-0.28
HD20619,5703,4.54,-0.25,-0.19,-0.17,-0.21,-0.26
HD20630,5742,4.49,0.04,0.06,0.04,0.12,0.05
HD20794,5401,4.62,-0.29,-0.15,-0.14,-0.41,-0.35
HD20782,5758,4.35,-0.14,-0.04,-0.06,-0.05,-0.11
HD20675,6577,4.28,0.20,0.14,0.16,0.21,0.11
HD21019,5529,4.05,-0.40,-0.35,-0.22,-0.36,-0.40
BD+11468,5428,4.57,,-1.50,-1.33,-1.53,-1.73
HD21313,5989,4.30,0.28,0.20,0.16,0.19,0.22
HD22104,5848,4.35,0.52,0.38,0.29,0.34,0.43
HD21774,5764,4.39,0.24,0.23,0.19,0.26,0.27
HD21847,6341,4.33,0.14,0.17,0.13,0.20,0.13
HD22049,5146,4.57,-0.12,-0.12,-0.05,-0.03,-0.11
HD22072,5027,3.65,-0.22,-0.24,-0.08,-0.25,-0.25
HD22282,5475,4.50,0.14,0.14,0.12,0.16,0.13
HD22484,6038,4.21,-0.03,-0.01,0.04,-0.02,-0.02
HD22713,5065,3.79,0.05,-0.01,0.02,0.08,0.08
HD23127,5752,4.15,0.62,0.40,0.32,0.34,0.47
HD23079,5927,4.34,-0.21,-0.11,-0.06,-0.15,-0.19
HD22879,5688,4.41,-0.85,-0.59,-0.55,-0.91,-0.95
HD22918,4939,3.84,-0.04,-0.01,0.08,0.04,0.02
HD23249,5095,3.98,0.16,0.08,0.09,0.16,0.14
HD23356,4991,4.59,-0.05,-0.06,-0.07,-0.06,-0.13
HD23484,5155,4.46,0.05,0.05,0.03,0.12,0.06
HD23439,5070,4.71,-1.01,-0.55,-0.67,-1.03,-0.98
HD23596,5904,3.97,0.33,0.21,0.15,0.22,0.27
HD24112,6124,4.22,0.22,0.13,0.14,0.14,0.15
HD24040,5853,4.36,0.23,0.19,0.23,0.21,0.24
HD24213,6044,4.23,0.04,0.10,0.12,0.09,0.07
HD24365,5205,3.70,-0.25,-0.30,-0.17,-0.21,-0.26
HD24496,5572,4.56,-0.02,-0.01,0.00,0.01,-0.03
HD24341,5459,4.07,-0.58,-0.42,-0.30,-0.52,-0.54
HD24238,4973,4.59,-0.41,-0.26,-0.23,-0.51,-0.47
HD24727,6211,4.10,-0.21,-0.12,-0.06,-0.11,-0.20
HD24892,5363,4.12,-0.32,-0.21,-0.12,-0.28,-0.31
HD25069,4994,3.53,0.22,-0.01,0.16,0.22,0.19
HD25874,5699,4.41,0.04,0.03,-0.01,-0.01,-0.01
HD25587,6118,4.14,-0.09,-0.05,-0.02,-0.05,-0.11
HD25682,5477,4.53,0.02,0.08,0.07,0.09,0.04
HD25790,5630,3.94,0.10,0.08,0.16,0.15,0.15
HD25680,5874,4.52,0.02,0.06,0.02,0.10,0.00
HD25825,5941,4.38,-0.03,0.08,-0.01,0.07,0.05
HD26151,5348,4.47,0.34,0.25,0.19,0.26,0.26
HD26491,5816,4.37,-0.09,-0.05,-0.08,-0.07,-0.08
HD25918,5533,4.52,-0.18,-0.06,-0.05,-0.05,-0.12
HD25665,4936,4.51,0.04,-0.01,-0.06,-0.03,-0.06
HD26754,6025,4.33,-0.37,-0.28,-0.24,-0.36,-0.40
HD26794,4909,4.74,0.02,0.13,0.09,0.10,0.05
HD26965,5151,4.57,-0.17,-0.11,-0.03,-0.28,-0.24
HD26990,5748,4.39,-0.10,-0.12,0.01,-0.04,-0.16
HD27442,4846,3.78,0.43,0.28,0.17,0.42,0.50
GJ9155B,5658,4.49,0.02,0.06,0.03,0.09,0.06
HD28255,5897,4.45,0.00,0.05,0.02,0.05,0.03
HD28187,5781,4.56,-0.34,-0.21,-0.11,-0.42,-0.39
HD28005,5819,4.38,0.50,0.33,0.30,0.32,0.39
HD28344,6005,4.43,0.11,0.13,0.16,0.19,0.14
HD28447,5604,4.09,-0.11,-0.04,0.01,-0.03,-0.05
HD28676,5888,4.28,0.08,0.07,0.10,0.07,0.08
HD28946,5321,4.55,-0.19,-0.13,-0.14,-0.15,-0.20
HD29150,5675,4.41,0.00,-0.01,-0.01,-0.01,-0.02
HD29461,5913,4.52,0.19,0.20,0.20,0.25,0.21
HD29528,5524,4.50,0.11,0.14,0.17,0.17,0.11
HD30177,5607,4.31,0.52,0.38,0.30,0.39,0.46
HD30295,5417,4.50,0.32,0.31,0.23,0.28,0.29
HD29836,5761,4.25,0.19,0.22,0.26,0.26,0.27
HD29859,6155,3.89,0.03,0.08,0.19,0.11,0.03
HD29883,4952,4.61,-0.23,-0.11,-0.12,-0.18,-0.22
HD30495,5759,4.39,-0.14,-0.03,-0.04,0.01,-0.09
HD30508,5206,3.79,-0.20,-0.14,-0.16,-0.08,-0.12
HD30562,5937,4.23,0.23,0.22,0.28,0.26,0.27
HD30339,6074,4.37,0.35,0.25,0.24,0.26,0.30
HD30652,6424,4.29,0.01,0.01,0.02,0.03,-0.05
HD30876,5061,4.63,-0.16,-0.07,-0.11,-0.06,-0.14
HD30708,5766,4.36,0.20,0.17,0.19,0.19,0.20
HD30649,5778,4.44,-0.43,-0.30,-0.21,-0.49,-0.48
HD30825,5176,3.71,-0.22,-0.25,-0.10,-0.17,-0.20
HD30736,6160,3.92,0.47,0.33,0.25,0.36,0.27
HD31253,6065,4.10,0.12,0.13,0.19,0.16,0.15
HD31527,5879,4.39,-0.17,-0.13,-0.15,-0.19,-0.21
HD31560,4744,4.88,0.08,0.19,0.02,0.14,0.15
HD31412,6096,4.37,0.00,0.04,0.07,0.05,0.02
HD31827,5614,4.39,0.55,0.41,0.33,0.41,0.47
HD31966,5781,4.23,0.05,0.10,0.18,0.13,0.12
HD32147,4827,4.69,0.35,0.23,0.21,0.33,0.35
HD32778,5652,4.55,-0.55,-0.45,-0.44,-0.56,-0.57
HD34297,5507,4.56,-0.53,-0.36,-0.35,-0.65,-0.59
HD32923,5694,4.20,-0.20,-0.11,-0.04,-0.17,-0.19
HD33021,5804,4.31,-0.23,-0.06,0.08,-0.14,-0.15
HD32963,5763,4.43,0.12,0.09,0.08,0.08,0.09
HD33473,5726,3.93,-0.17,-0.10,-0.04,-0.10,-0.14
HD33811,5546,4.43,0.38,0.33,0.23,0.29,0.35
HD33555,4889,3.50,-0.03,-0.07,0.02,0.05,0.05
HD33608,6416,4.08,0.25,0.23,0.19,0.21,0.16
HD33636,5904,4.43,-0.22,-0.09,-0.08,-0.13,-0.19
HD33632,6141,4.43,-0.28,-0.16,-0.13,-0.18,-0.26
HD34445,5837,4.21,0.18,0.12,0.12,0.14,0.14
HD34721,5999,4.25,-0.10,-0.06,-0.02,-0.07,-0.09
HD34411,5911,4.37,0.10,0.11,0.10,0.12,0.11
HD34745,6070,4.29,-0.19,-0.07,-0.05,-0.10,-0.16
HD34575,5651,4.45,0.34,0.29,0.28,0.32,0.31
HD35627,6069,4.24,-0.07,0.02,0.09,0.03,-0.01
HD35854,4948,4.61,-0.05,-0.05,-0.06,-0.04,-0.08
HD35850,6496,5.02,-0.24,0.07,0.61,0.29,0.12
HD35974,5888,3.99,-0.18,-0.15,-0.06,-0.16,-0.20
HD35681,6262,4.20,-0.07,0.06,0.07,0.09,0.00
HD36108,5892,4.25,-0.30,-0.18,-0.16,-0.21,-0.26
HD35956,5843,4.22,-0.16,-0.13,-0.11,-0.22,-0.18
HD36308,5612,4.82,0.04,0.02,0.15,0.15,0.04
HD36889,5846,4.09,0.23,0.14,0.15,0.16,0.18
HD37213,5453,4.04,-0.50,-0.40,-0.29,-0.44,-0.49
HD38283,5998,4.23,-0.15,-0.11,-0.07,-0.15,-0.18
HD37124,5500,4.60,-0.33,-0.21,-0.18,-0.44,-0.40
HD39091,5950,4.36,0.05,0.07,0.02,0.05,0.05
HD37008,4975,4.55,-0.39,-0.25,-0.23,-0.49,-0.44
HD37216,5364,4.44,-0.17,-0.08,-0.10,-0.05,-0.15
HD37588,6144,4.07,-0.22,-0.14,-0.12,-0.17,-0.24
HD37962,5651,4.41,-0.27,-0.20,-0.22,-0.23,-0.29
HD37394,5351,4.60,0.15,0.07,0.08,0.19,0.14
HD38110,5805,4.24,0.22,0.18,0.15,0.17,0.20
HD38382,6030,4.32,-0.04,0.01,-0.05,0.00,-0.02
HD38230,5174,4.53,0.00,0.01,0.01,-0.08,-0.08
HD37006,5549,4.58,-0.15,-0.04,-0.03,0.02,-0.09
HD38973,5995,4.40,0.02,0.05,0.01,0.03,0.01
HD38529,5697,4.05,0.51,0.36,0.36,0.45,0.45
HD38949,6051,4.55,-0.23,-0.08,-0.09,-0.05,-0.15
HD38858,5726,4.51,-0.27,-0.18,-0.22,-0.23,-0.27
HD39213,5457,4.36,0.41,0.36,0.26,0.36,0.41
HD39156,5279,3.86,-0.09,-0.10,-0.01,-0.02,-0.06
HD40307,4827,4.63,-0.35,-0.19,-0.22,-0.28,-0.30
HD39587,5882,4.34,-0.07,0.03,-0.05,-0.01,-0.10
HD39715,4798,4.75,-0.08,0.03,-0.09,-0.04,-0.09
HD39881,5718,4.42,-0.09,-0.02,0.03,-0.13,-0.12
HD40397,5542,4.59,-0.09,-0.02,0.03,-0.10,-0.10
HD40650,5948,4.27,-0.13,-0.09,-0.09,-0.10,-0.13
HD40979,6089,4.30,0.15,0.16,0.12,0.17,0.14
HD42024,6218,4.21,0.23,0.18,0.17,0.18,0.20
HD43834,5587,4.50,0.13,0.10,0.05,0.09,0.10
HD42902,5908,4.23,0.38,0.27,0.23,0.27,0.33
HD42618,5747,4.43,-0.13,-0.09,-0.11,-0.11,-0.13
HD43042,6418,4.15,0.02,0.03,0.00,0.05,-0.04
HD44447,6022,4.32,-0.24,-0.17,-0.13,-0.21,-0.24
HD42250,5396,4.60,0.00,0.08,0.08,0.01,-0.01
HD44120,6003,4.19,0.10,0.10,0.09,0.10,0.10
HD43745,6095,4.02,0.13,0.09,0.16,0.13,0.11
HD43587,5892,4.33,-0.06,-0.05,-0.04,-0.04,-0.04
HD43523,6118,4.41,-0.06,0.02,0.03,0.05,-0.02
HD43947,5933,4.37,-0.31,-0.23,-0.20,-0.29,-0.34
HD44594,5844,4.41,0.14,0.16,0.12,0.15,0.16
HD44420,5796,4.35,0.47,0.30,0.23,0.29,0.36
HD44821,5783,4.53,0.03,0.05,0.06,0.11,0.04
HD45289,5737,4.39,-0.03,0.04,0.07,-0.02,-0.01
HD45701,5886,4.28,0.29,0.18,0.13,0.20,0.21
HD45184,5810,4.37,-0.02,0.04,0.01,0.04,-0.01
HD45067,6044,4.08,-0.11,-0.05,0.05,-0.03,-0.09
HD44985,5929,4.29,-0.18,-0.08,-0.07,-0.09,-0.14
HD45588,6168,4.29,-0.07,0.01,0.09,0.04,-0.01
HD45350,5616,4.32,0.27,0.27,0.24,0.29,0.26
HD45391,5624,4.49,-0.41,-0.40,-0.41,-0.50,-0.51
HD46375,5285,4.53,0.36,0.25,0.22,0.24,0.28
HD47157,5733,4.43,0.50,0.35,0.31,0.34,0.41
HD47127,5605,4.38,0.03,0.11,0.10,0.10,0.08
HD47752,4707,4.72,-0.22,-0.01,-0.13,-0.10,-0.15
HD48938,5937,4.31,-0.49,-0.36,-0.29,-0.43,-0.48
HD48682,6064,4.33,0.00,0.06,0.07,0.12,0.08
HD49736,5961,4.34,-0.08,-0.05,-0.01,-0.07,-0.08
HD49674,5662,4.56,0.29,0.27,0.25,0.31,0.30
HD50499,6070,4.37,0.42,0.32,0.30,0.34,0.37
HD50281,4758,4.92,-0.06,0.11,0.02,0.14,0.08
HD50806,5683,4.35,0.07,0.12,0.17,0.07,0.09
HD50639,6098,4.29,-0.06,-0.02,-0.02,-0.02,-0.05
HD50554,5929,4.29,-0.12,-0.05,-0.05,-0.07,-0.12
HD50692,5891,4.36,-0.20,-0.14,-0.14,-0.18,-0.19
HD51929,5805,4.43,-0.58,-0.40,-0.35,-0.64,-0.63
HD51219,5642,4.46,-0.03,0.00,0.02,0.01,-0.02
HD52447,6051,4.23,0.32,0.28,0.19,0.24,0.30
HD51419,5637,4.46,-0.44,-0.29,-0.26,-0.40,-0.43
HD52265,6076,4.26,0.19,0.18,0.20,0.19,0.19
HD52456,5109,4.37,0.03,-0.06,-0.09,0.01,0.02
HD52711,5889,4.41,-0.13,-0.10,-0.12,-0.10,-0.15
HD53705,5827,4.44,-0.19,-0.12,-0.07,-0.21,-0.21
HD53706,5245,4.57,-0.23,-0.16,-0.18,-0.28,-0.27
HD53665,6225,4.05,0.11,0.13,0.17,0.17,0.13
HD55720,5486,4.58,-0.26,-0.16,-0.13,-0.30,-0.29
HD56560,5544,4.24,0.07,0.09,0.13,0.05,0.05
HD55693,5869,4.35,0.34,0.25,0.17,0.25,0.29
HD56274,5681,4.47,-0.55,-0.46,-0.46,-0.55,-0.59
HD56303,5895,4.24,0.09,0.12,0.12,0.13,0.13
HD56124,5848,4.46,-0.04,0.00,-0.01,0.01,-0.02
BD+091617,5163,4.63,0.12,0.19,0.14,0.15,0.14
HD59468,5585,4.44,0.02,0.05,-0.01,0.02,0.02
HD58781,5604,4.45,0.14,0.11,0.08,0.10,0.10
HD59747,5177,4.62,-0.02,0.02,0.03,0.06,-0.03
HD60491,5091,4.63,-0.26,-0.13,-0.18,-0.17,-0.28
HD61421,6543,3.99,0.13,0.01,0.08,0.00,-0.05
HD61686,5871,4.44,0.42,0.31,0.30,0.30,0.36
HD61606,4964,4.71,-0.02,0.12,-0.04,0.07,-0.01
HD64184,5635,4.55,-0.13,-0.06,-0.02,-0.21,-0.18
HD63754,6096,4.07,0.21,0.18,0.22,0.22,0.22
HD63433,5742,4.56,-0.09,-0.01,0.07,0.07,-0.05
HD64468,4936,4.47,0.19,0.10,0.10,0.07,0.07
HD65907,5949,4.63,-0.23,-0.12,-0.07,-0.34,-0.29
HD65277,4741,4.76,-0.26,-0.02,-0.13,-0.16,-0.18
HD65430,5183,4.55,-0.07,-0.03,-0.01,-0.12,-0.12
HD65583,5279,4.76,-0.58,-0.36,-0.37,-0.69,-0.65
HD67199,5135,4.53,0.05,0.01,-0.02,0.03,0.02
HD66428,5752,4.49,0.41,0.29,0.28,0.31,0.33
HD67458,5838,4.45,-0.32,-0.16,-0.12,-0.19,-0.23
HD67556,6198,4.35,0.26,0.21,0.16,0.19,0.18
HD67228,5862,4.02,0.27,0.16,0.19,0.20,0.23
HD66171,5711,4.41,-0.35,-0.24,-0.23,-0.31,-0.34
HD67767,5344,3.88,-0.04,-0.08,0.06,0.06,-0.01
HD68017,5552,4.65,-0.35,-0.20,-0.17,-0.44,-0.39
HD68168,5724,4.40,0.08,0.10,0.10,0.12,0.11
HD68978,5919,4.43,-0.05,0.01,0.00,0.02,-0.01
HD69655,5949,4.39,-0.18,-0.16,-0.16,-0.20,-0.21
HD69565,5205,3.68,0.00,-0.08,0.04,0.05,0.01
HD68988,5960,4.41,0.48,0.34,0.32,0.32,0.39
HD69830,5361,4.46,-0.06,-0.05,-0.08,-0.06,-0.09
HD69809,5817,4.30,0.36,0.28,0.23,0.27,0.31
HD69897,6294,4.25,-0.28,-0.17,-0.18,-0.23,-0.28
HD70110,6023,4.12,0.15,0.17,0.20,0.15,0.18
HD70642,5706,4.43,0.29,0.19,0.13,0.16,0.21
HD70889,6016,4.41,0.01,0.07,0.03,0.09,0.04
HD70843,6208,4.17,0.21,0.17,0.16,0.16,0.16
HD72234,5693,3.89,-0.17,-0.13,-0.09,-0.12,-0.15
HD71334,5716,4.48,-0.12,-0.05,-0.04,-0.06,-0.08
HD71479,5953,4.30,0.26,0.20,0.20,0.21,0.25
HD71148,5818,4.39,-0.04,0.00,0.00,0.02,-0.01
HD71881,5822,4.29,0.03,-0.02,-0.07,-0.05,-0.03
HD72673,5243,4.67,-0.35,-0.29,-0.30,-0.37,-0.40
HD72528,6117,4.22,-0.09,0.01,0.02,0.02,-0.05
HD72769,5653,4.40,0.39,0.29,0.24,0.31,0.35
HD72659,5920,4.24,-0.02,-0.01,0.05,0.00,-0.02
HD72760,5375,4.57,0.00,0.05,0.09,0.12,0.04
HD72780,6266,4.37,0.05,0.12,0.15,0.15,0.11
HD73121,6055,4.22,0.08,0.08,0.10,0.07,0.07
HD73526,5584,4.16,0.25,0.26,0.27,0.25,0.29
HD73524,5959,4.41,0.03,0.13,0.10,0.12,0.10
HD73350,5802,4.48,0.02,0.06,0.07,0.12,0.05
HD73344,6173,4.41,0.14,0.14,0.13,0.13,0.13
HD73668,5941,4.41,-0.07,0.00,0.00,0.00,-0.04
HD73667,4990,4.65,-0.44,-0.29,-0.28,-0.57,-0.52
HD74014,5605,4.43,0.31,0.24,0.22,0.26,0.27
HD74156,6068,4.26,0.11,0.10,0.14,0.13,0.13
HD74868,6176,4.27,0.29,0.26,0.21,0.24,0.26
HD75289,6095,4.33,0.14,0.22,0.19,0.22,0.22
HD75302,5721,4.49,0.01,0.06,0.07,0.10,0.05
HD75332,6258,4.41,0.03,0.08,0.09,0.14,0.06
HD75732,5235,4.45,0.49,0.33,0.23,0.31,0.37
HD75782,6029,4.06,0.33,0.23,0.27,0.29,0.30
HD76700,5668,4.30,0.35,0.33,0.30,0.35,0.37
HD76151,5790,4.55,0.14,0.10,0.04,0.11,0.09
HD76218,5465,4.72,-0.11,-0.01,0.09,0.07,-0.04
HD76752,5704,4.29,0.05,0.04,0.03,0.03,0.02
HD76909,5740,4.39,0.51,0.36,0.34,0.38,0.43
HD77407,6002,4.46,-0.02,0.02,0.06,0.10,0.00
HD78429,5724,4.31,0.05,0.08,0.07,0.08,0.05
HD78366,6014,4.54,-0.04,0.03,-0.03,0.08,-0.02
HD80913,5983,4.05,-0.67,-0.57,-0.46,-0.68,-0.76
HD80133,5212,4.59,-0.01,0.06,-0.02,0.08,-0.02
HD80367,5098,4.51,0.05,0.06,0.07,0.00,0.01
HD80635,5802,4.14,0.55,0.47,0.46,0.50,0.57
HD80606,5573,4.44,0.47,0.32,0.21,0.34,0.36
HD82114,5882,4.10,-0.02,0.02,0.08,0.03,0.03
HD82082,6016,4.41,0.11,0.14,0.16,0.14,0.12
HD82106,4868,4.80,-0.02,0.16,-0.02,0.11,0.01
HD233641,6086,4.09,-0.26,-0.11,0.03,-0.08,-0.17
HD82558,5062,5.12,0.05,0.43,0.08,0.33,0.12
HD82943,5997,4.42,0.28,0.24,0.23,0.27,0.29
HD83443,5453,4.49,0.57,0.39,0.28,0.36,0.44
HD83529,5878,4.34,-0.35,-0.19,-0.15,-0.25,-0.27
HD84117,6152,4.31,-0.09,-0.05,-0.07,-0.07,-0.12
HD84737,5960,4.24,0.16,0.14,0.18,0.17,0.17
HD85683,6126,4.28,-0.09,0.02,-0.03,0.02,-0.05
HD85301,5725,4.62,0.03,0.10,0.15,0.19,0.13
HD86264,6326,4.22,0.17,0.19,0.20,0.26,0.20
HD86819,5988,4.26,-0.03,-0.02,-0.03,-0.05,-0.05
HD86728,5700,4.29,0.31,0.23,-0.04,0.20,0.18
HD87359,5676,4.49,-0.01,0.05,0.04,0.06,0.02
HD87424,5069,4.64,-0.18,-0.04,-0.11,-0.07,-0.20
HD87836,5774,4.31,0.46,0.33,0.32,0.36,0.40
HD87883,4958,4.56,0.14,0.09,0.03,0.07,0.04
HD88072,5751,4.40,0.01,0.01,-0.01,0.01,0.01
HD88218,5837,4.10,-0.17,-0.12,-0.05,-0.14,-0.16
HD88371,5630,4.50,-0.22,-0.09,-0.05,-0.31,-0.27
HD88742,5949,4.41,-0.11,-0.04,-0.11,-0.05,-0.08
HD88725,5581,4.55,-0.60,-0.44,-0.43,-0.70,-0.67
HD88986,5838,4.23,0.03,0.07,0.11,0.09,0.06
HD89307,5898,4.34,-0.19,-0.12,-0.12,-0.16,-0.19
HD89391,4976,3.59,-0.11,-0.15,0.08,-0.09,-0.08
HD89269,5586,4.44,-0.21,-0.15,-0.18,-0.20,-0.22
HD89744,6291,4.07,0.26,0.22,0.29,0.26,0.23
HD90156,5626,4.63,-0.29,-0.16,-0.17,-0.21,-0.25
HD90125,4928,3.16,-0.14,-0.26,0.00,-0.02,-0.11
HD90711,5466,4.50,0.43,0.28,0.27,0.30,0.32
HD90722,5719,4.31,0.48,0.32,0.30,0.36,0.38
HD90905,6148,4.57,-0.12,-0.01,0.04,0.07,-0.03
HD90839,6126,4.34,-0.12,-0.07,-0.10,-0.07,-0.14
HD91204,5914,4.29,0.31,0.21,0.19,0.21,0.25
HD91638,6069,4.16,-0.32,-0.27,-0.28,-0.32,-0.37
HD92222B,5690,4.65,0.16,0.20,0.26,0.29,0.23
HD92222A,5753,4.70,0.14,0.17,0.28,0.27,0.21
HD92788,5836,4.66,0.35,0.30,0.29,0.32,0.33
HD92945,5183,4.76,-0.07,0.10,0.02,0.13,0.00
HD92987,5774,4.06,0.06,0.06,0.07,0.05,0.05
HD92855,6140,4.58,-0.33,-0.05,0.00,0.00,-0.11
HD93385,5952,4.38,0.00,0.02,0.02,0.01,-0.01
HD93745,5918,4.12,0.07,0.07,0.09,0.08,0.07
BD+132311B,6226,4.11,-0.23,-0.21,-0.16,-0.25,-0.32
BD+132311,6251,4.10,-0.28,-0.18,-0.06,-0.19,-0.29
HD94280,6032,4.23,0.05,0.09,0.05,0.08,0.07
HD94765,5091,4.76,0.01,0.17,0.06,0.15,0.05
BD-103166,5393,4.69,0.50,0.38,0.26,0.38,0.39
HD95128,5882,4.38,0.04,0.06,0.03,0.04,0.04
HD95188,5482,4.65,-0.11,-0.07,-0.01,-0.01,-0.10
HD96423,5718,4.45,0.09,0.12,0.08,0.10,0.11
HD96418,6216,4.05,-0.08,-0.02,0.03,0.01,-0.05
HD96574,6044,4.21,-0.11,0.01,0.07,0.04,0.00
HD96700,5865,4.41,-0.23,-0.14,-0.12,-0.18,-0.22
HD97037,5868,4.34,-0.14,-0.06,-0.04,-0.08,-0.11
HD97004,5617,4.51,0.42,0.29,0.32,0.31,0.34
HD97343,5399,4.56,-0.06,0.03,0.04,-0.04,-0.05
HD97334,5898,4.42,0.12,0.10,-0.01,0.09,0.04
HD97658,5148,4.65,-0.30,-0.22,-0.24,-0.26,-0.32
HD97998,5749,4.62,-0.37,-0.32,-0.33,-0.41,-0.43
HD98281,5419,4.61,-0.24,-0.17,-0.15,-0.20,-0.25
HD98388,6244,4.21,-0.06,0.07,0.08,0.09,0.02
HD98553,6009,4.69,-0.41,-0.31,-0.21,-0.34,-0.39
HD98697,6144,4.05,-0.06,-0.04,0.03,-0.03,-0.07
HD98618,5812,4.42,0.00,0.03,0.02,0.03,0.02
HD98744,6107,3.90,-0.57,-0.25,-0.12,-0.25,-0.34
HD99109,5272,4.44,0.44,0.33,0.30,0.31,0.35
HD99491,5502,4.58,0.42,0.33,0.28,0.34,0.34
HD99492,4955,4.77,0.37,0.32,0.22,0.36,0.35
HD99610,5706,4.49,0.29,0.21,0.16,0.23,0.23
HD100180,5989,4.38,-0.07,0.00,-0.01,-0.01,-0.05
HD100167,5915,4.38,-0.02,0.05,0.00,0.06,0.01
HD100623,5189,4.68,-0.35,-0.29,-0.27,-0.37,-0.40
HD101177,5883,4.37,-0.24,-0.17,-0.16,-0.19,-0.24
HD101259,5067,3.51,-0.72,-0.58,-0.36,-0.69,-0.69
HD101472,6191,4.43,-0.25,-0.08,-0.04,-0.03,-0.15
HD101501,5488,4.43,-0.08,-0.06,-0.12,-0.03,-0.13
HD101959,6049,4.39,-0.22,-0.11,-0.10,-0.11,-0.20
HD102071,5279,4.53,-0.04,0.01,-0.05,0.01,0.00
HD102117,5695,4.37,0.34,0.29,0.27,0.30,0.33
HD102158,5725,4.49,-0.35,-0.21,-0.13,-0.47,-0.41
HD102365,5630,4.57,-0.31,-0.21,-0.21,-0.33,-0.33
BD+511696,5272,4.30,-3.24,-1.34,-1.32,-1.48,-1.69
HD102357,6222,4.33,-0.22,-0.10,-0.12,-0.06,-0.16
HD102438,5558,4.52,-0.25,-0.19,-0.22,-0.28,-0.29
HD102634,6215,4.10,0.29,0.20,0.17,0.18,0.18
HD102870,6161,4.22,0.19,0.14,0.17,0.18,0.19
HD103095,4950,4.65,-1.78,-1.21,-1.04,-1.37,-1.47
HD103432,5641,4.52,-0.16,-0.12,-0.11,-0.12,-0.17
HD103829,5750,4.36,0.15,0.11,0.09,0.12,0.13
HD104067,4956,4.65,0.11,0.13,0.04,0.10,0.06
HD104304,5565,4.56,0.41,0.27,0.19,0.27,0.34
HD104556,5051,3.79,-0.31,-0.28,-0.06,-0.38,-0.35
HD104800,5626,4.53,-0.81,-0.54,-0.51,-0.82,-0.83
HD105113,5922,3.97,-0.11,-0.11,-0.01,-0.09,-0.12
HD105328,5977,4.27,0.16,0.16,0.15,0.16,0.17
HD105405,6145,4.23,-0.24,-0.18,-0.18,-0.21,-0.29
HD105631,5462,4.57,0.16,0.13,0.16,0.20,0.15
HD106116,5681,4.42,0.18,0.13,0.11,0.13,0.14
HD106156,5492,4.58,0.26,0.19,0.21,0.23,0.22
HD106252,5870,4.36,-0.07,-0.07,-0.05,-0.08,-0.09
HD106423,6015,4.31,0.44,0.35,0.31,0.35,0.38
HD106453,5669,4.49,0.07,0.06,0.07,0.10,0.06
HD107146,5882,4.47,-0.18,-0.07,-0.03,-0.03,-0.13
HD107148,5797,4.45,0.40,0.30,0.26,0.31,0.35
HD107213,6274,4.06,0.29,0.25,0.29,0.28,0.26
HD107705,6130,4.32,0.04,0.11,0.08,0.13,0.09
HD107692,5867,4.44,0.08,0.13,0.09,0.15,0.13
HD108147,6156,4.29,0.00,0.10,0.04,0.09,0.06
HD108309,5778,4.26,0.15,0.12,0.09,0.13,0.13
HD108510,6108,4.57,-0.05,0.05,0.02,0.04,0.01
HD108874,5551,4.35,0.19,0.16,0.15,0.18,0.19
HD109200,5098,4.57,-0.32,-0.25,-0.22,-0.30,-0.33
HD109358,5930,4.44,-0.12,-0.15,-0.14,-0.16,-0.19
HD110537,5752,4.40,0.12,0.11,0.11,0.12,0.11
HD110810,5005,4.59,-0.04,0.01,-0.04,0.07,-0.02
HD111031,5806,4.38,0.39,0.26,0.27,0.28,0.32
HD111066,6105,4.12,-0.05,-0.04,-0.01,-0.04,-0.07
HD111395,5654,4.55,0.03,0.07,0.05,0.13,0.04
HD111398,5714,4.29,0.05,0.08,0.11,0.08,0.08
HD111484B,5933,4.09,-0.22,-0.02,-0.07,0.02,-0.08
HD111484,5984,4.34,-0.24,-0.04,-0.10,0.00,-0.12
HD111515,5399,4.62,-0.52,-0.38,-0.36,-0.60,-0.57
HD112060,5491,3.96,0.21,0.14,0.22,0.24,0.23
HD112257,5697,4.45,-0.03,0.04,0.07,-0.03,-0.02
HD112914,4861,4.62,-0.33,-0.27,-0.23,-0.31,-0.34
HD114174,5781,4.51,0.09,0.07,0.08,0.07,0.05
HD114260,5509,4.49,-0.07,-0.06,-0.10,-0.09,-0.11
HD114386,4820,4.71,-0.07,0.06,-0.01,0.00,0.03
HD114710,6075,4.57,-0.03,0.03,0.04,0.07,0.03
HD114613,5782,4.09,0.30,0.19,0.21,0.24,0.27
HD114762,5953,4.54,-0.55,-0.42,-0.36,-0.65,-0.69
HD114783,5135,4.53,0.21,0.09,0.11,0.12,0.10
HD114729,5821,4.14,-0.33,-0.21,-0.08,-0.26,-0.30
HD114853,5691,4.49,-0.32,-0.19,-0.19,-0.25,-0.29
HD114946,5114,3.54,-0.23,-0.31,-0.14,-0.21,-0.24
HD115383,6234,4.60,0.29,0.21,0.25,0.28,0.25
HD115589,5259,4.55,0.27,0.22,0.20,0.22,0.22
HD115617,5571,4.47,0.08,0.01,-0.06,0.05,-0.01
HD115585,5679,4.25,0.45,0.32,0.28,0.34,0.38
HD116442,5182,4.56,-0.41,-0.31,-0.29,-0.40,-0.44
HD116443,5038,4.58,-0.40,-0.30,-0.27,-0.38,-0.42
HD117126,5758,4.34,-0.04,0.01,0.05,-0.03,-0.04
HD117176,5545,4.07,0.00,0.01,-0.02,-0.01,-0.04
HD117105,5870,4.36,-0.31,-0.20,-0.19,-0.29,-0.32
HD117207,5724,4.51,0.30,0.21,0.24,0.27,0.26
HD117618,5964,4.35,0.02,0.03,0.02,0.00,0.00
HD117936,4834,4.84,0.16,0.21,0.07,0.20,0.17
HD117939,5671,4.46,-0.24,-0.13,-0.13,-0.21,-0.23
HD118475,5898,4.36,0.18,0.12,0.06,0.10,0.09
HD118914,5728,4.30,0.17,0.13,0.10,0.15,0.17
HD118972,5191,4.54,-0.11,-0.03,-0.08,0.00,-0.08
HD120066,5873,4.23,0.00,0.11,0.21,0.11,0.12
HD120136,6387,4.26,0.27,0.24,0.12,0.23,0.20
HD120237,6127,4.42,-0.03,0.00,-0.02,-0.03,-0.03
HD120476,4729,5.09,-0.20,0.10,-0.08,-0.18,-0.04
HD120690,5751,4.52,-0.03,0.01,0.00,0.05,0.01
HD120780,5008,4.53,-0.29,-0.24,-0.26,-0.26,-0.29
HD121320,5548,4.54,-0.34,-0.22,-0.22,-0.25,-0.32
HD121560,6027,4.27,-0.42,-0.35,-0.35,-0.42,-0.48
HD121384,5276,3.80,-0.41,-0.42,-0.31,-0.41,-0.43
HD122064,4757,4.58,0.22,0.17,0.00,0.18,0.23
HD122652,6093,4.24,-0.07,-0.01,-0.02,0.00,-0.06
HD122676,5593,4.56,-0.06,0.01,-0.05,-0.02,-0.04
HD122742,5508,4.49,0.03,0.01,-0.08,0.01,0.00
HD122862,5957,4.13,-0.14,-0.10,-0.09,-0.13,-0.15
HD124115,6579,4.69,-0.11,0.18,0.08,0.23,0.19
HD124106,5117,4.58,-0.16,-0.10,-0.10,-0.10,-0.19
HD124292,5501,4.65,-0.06,-0.05,-0.06,-0.08,-0.10
HD124694,6175,4.34,-0.07,0.01,-0.05,0.04,-0.06
HD125040,6296,4.26,-0.10,0.01,-0.03,0.04,-0.19
HD124584,5933,4.21,-0.04,-0.03,-0.05,-0.06,-0.07
HD125184,5691,4.16,0.30,0.24,0.28,0.32,0.31
HD125072,4903,4.69,0.43,0.30,0.16,0.32,0.36
HD125455,5109,4.53,-0.15,-0.15,-0.13,-0.18,-0.21
HD126053,5640,4.52,-0.37,-0.25,-0.27,-0.35,-0.37
HD125881,6004,4.38,0.03,0.04,0.01,0.05,0.02
HD126614,5594,4.44,0.71,0.52,0.49,0.56,0.61
HD126961,6147,4.28,0.04,0.11,0.07,0.11,0.07
HD127334,5744,4.37,0.32,0.23,0.20,0.27,0.28
HD128165,4809,4.67,0.01,0.07,-0.07,0.00,-0.02
HD128167,6566,4.19,-0.44,-0.35,-0.39,-0.43,-0.55
HD128311,4965,4.83,0.08,0.27,0.07,0.20,0.17
HD128428,5739,4.34,0.64,0.40,0.44,0.47,0.51
HD129333,5845,4.47,-0.04,-0.04,0.15,0.16,-0.04
HD128621,5178,4.56,0.29,0.23,0.12,0.23,0.25
HD128620,5801,4.33,0.31,0.23,0.18,0.21,0.26
HD128674,5534,4.54,-0.36,-0.28,-0.30,-0.39,-0.40
HD129010,6052,4.01,0.03,0.08,0.18,0.10,0.07
HD129191,5817,4.41,0.37,0.25,0.18,0.24,0.28
HD129814,5844,4.41,0.01,0.01,0.03,0.00,-0.02
HD129060,6127,4.29,-0.01,0.02,-0.03,0.07,-0.03
HD130087,6057,4.27,0.39,0.28,0.26,0.28,0.33
HD130307,5024,4.62,-0.23,-0.11,-0.16,-0.16,-0.23
HD130322,5308,4.41,-0.02,0.00,-0.11,0.01,-0.04
HD130948,6059,4.58,-0.10,0.00,-0.01,0.05,-0.04
HD130871,4878,4.71,-0.18,-0.06,-0.14,-0.16,-0.20
HD131156A,5570,4.65,-0.17,-0.12,-0.10,-0.04,-0.17
HD130992,4833,4.70,-0.04,0.06,-0.05,-0.01,-0.05
HD131117,5973,4.06,0.15,0.11,0.19,0.14,0.14
HD131509,5112,3.84,-0.14,-0.19,-0.02,-0.11,-0.15
HD131511,5335,4.60,0.09,0.14,0.04,0.17,0.12
HD132142,5122,4.60,-0.33,-0.20,-0.22,-0.45,-0.40
HD131977,4744,4.76,0.14,0.02,0.10,0.12,0.10
HD131923,5702,4.44,0.09,0.10,0.13,0.11,0.10
HD132173,6254,4.50,-0.11,-0.02,0.00,0.05,-0.05
HD132375,6202,4.08,0.02,0.07,0.07,0.07,0.02
HD133161,5959,4.24,0.30,0.22,0.15,0.21,0.24
HD133295,6089,4.43,-0.21,-0.06,-0.01,0.01,-0.13
HD134319,5662,4.52,-0.22,-0.04,-0.20,0.03,-0.16
HD134044,6148,4.23,0.01,0.06,0.04,0.05,0.03
HD134083,6435,4.19,0.18,0.00,-0.14,-0.02,-0.37
HD134440,4796,4.64,-1.92,-1.42,-1.21,-1.41,-1.60
HD134439,4896,4.55,-2.00,-1.59,-1.30,-1.48,-1.68
HD134331,5943,4.38,0.07,0.08,0.06,0.08,0.07
HD134330,5658,4.55,0.07,0.09,0.07,0.13,0.10
HD134060,5914,4.37,0.10,0.10,0.08,0.09,0.10
HD135101,5705,4.36,0.05,0.11,0.18,0.08,0.09
HD134987,5750,4.35,0.40,0.28,0.23,0.28,0.33
HD134606,5648,4.41,0.40,0.30,0.25,0.29,0.33
HD135599,5221,4.46,-0.14,-0.10,-0.09,-0.05,-0.15
HD136118,6097,4.05,-0.11,-0.05,-0.02,-0.05,-0.12
HD136580,6227,4.22,-0.13,-0.09,-0.11,-0.11,-0.15
HD136442,4889,3.91,0.48,0.31,0.27,0.43,0.42
HD136654,6235,4.12,0.01,0.09,0.03,0.09,0.02
HD136544,6351,4.19,0.19,0.16,0.13,0.17,0.14
HD136352,5672,4.58,-0.27,-0.16,-0.14,-0.34,-0.32
HD136713,4981,4.62,0.40,0.24,0.15,0.22,0.24
HD136834,4994,4.58,0.45,0.27,0.14,0.28,0.26
HD136923,5379,4.58,-0.08,-0.07,-0.07,-0.07,-0.12
HD136925,5717,4.51,-0.22,-0.10,-0.02,-0.29,-0.26
HD137510,5966,3.99,0.50,0.35,0.30,0.37,0.41
HD138004,5742,4.49,-0.12,-0.07,-0.06,-0.09,-0.14
HD137778,5185,4.60,0.36,0.21,0.16,0.28,0.24
HD137812,5303,4.14,-0.08,-0.05,0.08,0.04,-0.01
HD139813,5491,4.71,-0.02,0.03,0.11,0.14,0.03
HD138573,5722,4.45,-0.02,-0.01,-0.05,-0.03,-0.04
HD138549,5534,4.43,0.04,0.01,-0.03,0.00,0.00
HD138776,5681,4.31,0.50,0.35,0.30,0.38,0.43
HD139477,4714,4.88,-0.12,0.17,-0.05,0.11,0.05
HD139323,5099,4.65,0.45,0.35,0.24,0.37,0.37
HD139324,5935,4.26,0.19,0.13,0.12,0.15,0.17
HD139457,5957,3.99,-0.50,-0.40,-0.32,-0.48,-0.55
HD140538,5653,4.44,-0.04,0.06,0.08,0.08,0.03
HD140913,6048,4.57,-0.02,0.06,0.06,0.13,0.05
HD141004,5936,4.30,0.08,0.08,0.02,0.05,0.02
HD140785,5771,4.13,-0.09,-0.04,-0.01,-0.01,-0.05
HD141103,6087,4.01,-0.32,-0.26,-0.25,-0.31,-0.38
HD140901,5627,4.53,0.11,0.09,0.07,0.10,0.10
HD141937,5847,4.42,0.04,0.10,0.09,0.13,0.10
HD142373,5861,4.14,-0.53,-0.33,-0.26,-0.44,-0.51
HD142267,5756,4.48,-0.48,-0.35,-0.35,-0.43,-0.48
HD142229,5930,4.50,-0.09,-0.02,0.05,0.05,-0.05
HD142860,6262,4.18,-0.09,-0.11,-0.14,-0.18,-0.21
HD142415,5902,4.38,0.01,0.08,0.04,0.09,0.04
HD143291,5221,4.55,-0.45,-0.32,-0.32,-0.44,-0.47
HD143006,5875,4.23,0.06,0.07,0.30,0.22,0.11
HD143114,5869,4.57,-0.32,-0.20,-0.12,-0.38,-0.36
HD143761,5823,4.36,-0.23,-0.09,-0.06,-0.20,-0.21
HD144579,5214,4.71,-0.57,-0.36,-0.39,-0.69,-0.62
HD144585,5854,4.33,0.36,0.30,0.32,0.31,0.35
HD144009,5595,4.48,0.05,0.07,0.02,0.06,0.06
HD145435,6110,4.15,-0.01,0.04,0.01,0.03,-0.01
HD145229,5885,4.37,-0.25,-0.19,-0.21,-0.16,-0.28
HD144628,5021,4.54,-0.41,-0.32,-0.28,-0.41,-0.42
HD144988,5862,3.86,-0.22,-0.19,-0.06,-0.18,-0.22
HD145675,5388,4.52,0.62,0.42,0.40,0.46,0.49
HD145934,4899,3.19,0.15,-0.09,0.06,0.15,0.10
GJ615.1B,5388,4.57,-0.07,-0.01,-0.04,-0.02,-0.06
HD145958,5436,4.55,-0.07,-0.02,-0.05,-0.03,-0.06
HD145809,5780,4.16,-0.29,-0.22,-0.09,-0.24,-0.29
HD145825,5803,4.49,-0.01,0.04,0.01,0.03,0.02
HD146362,5821,4.39,-0.12,-0.07,-0.12,-0.06,-0.12
HD147231,5636,4.51,0.01,0.05,0.07,0.00,-0.01
HD146233,5791,4.41,0.01,0.03,0.03,0.03,0.01
HD147044,5884,4.40,-0.05,-0.02,-0.03,-0.01,-0.05
HD146775,5806,4.33,-0.08,-0.09,-0.12,-0.10,-0.11
HD146481,5675,4.24,-0.39,-0.26,-0.11,-0.44,-0.40
HD147512,5519,4.48,-0.01,-0.03,-0.05,-0.06,-0.07
BD-114126,4880,4.71,0.08,0.12,-0.03,0.08,0.01
HD147513,5930,4.61,-0.12,0.01,0.15,0.09,0.01
HD147776,4880,4.72,-0.32,-0.17,-0.21,-0.29,-0.36
HD147723,6006,4.10,0.11,0.13,0.18,0.16,0.14
HD147722,5971,4.28,0.09,0.11,0.09,0.11,0.11
HD148427,5035,3.61,0.08,-0.03,0.07,0.17,0.15
HD149200,6203,4.16,-0.05,0.09,0.15,0.11,0.07
HD149652,6321,4.23,-0.06,-0.05,-0.03,-0.06,-0.11
HD149661,5277,4.57,0.07,0.04,0.03,0.07,0.02
HD149724,5738,4.29,0.53,0.38,0.38,0.41,0.45
HD149806,5359,4.54,0.29,0.19,0.15,0.21,0.22
HD149612,5726,4.62,-0.45,-0.37,-0.36,-0.45,-0.47
HD150554,6010,4.29,-0.14,0.00,-0.05,0.00,-0.06
HD150433,5649,4.56,-0.30,-0.16,-0.09,-0.38,-0.33
HD150248,5694,4.45,-0.12,-0.04,-0.08,-0.11,-0.11
HD150437,5811,4.30,0.42,0.29,0.26,0.30,0.36
HD151044,6096,4.30,-0.07,-0.01,-0.05,0.01,-0.04
HD151541,5332,4.57,-0.22,-0.16,-0.16,-0.19,-0.22
HD150474,5459,4.13,-0.04,0.01,0.06,0.05,0.02
HD150933,6114,4.26,0.21,0.15,0.15,0.15,0.17
HD150698,5878,4.12,0.28,0.20,0.21,0.24,0.25
HD151090,5060,3.86,-0.28,-0.24,-0.07,-0.20,-0.24
HD151877,5212,4.54,-0.12,-0.14,-0.13,-0.14,-0.18
HD151337,5056,3.71,-0.05,-0.12,-0.02,-0.02,-0.02
HD151995,4832,4.72,0.13,0.15,0.02,0.04,0.00
HD152446,6216,4.12,-0.11,-0.06,-0.01,-0.07,-0.14
HD152391,5479,4.57,-0.06,-0.03,0.00,0.04,-0.07
HD152792,5698,4.03,-0.33,-0.26,-0.15,-0.31,-0.34
HD152555,5967,4.46,-0.26,-0.02,-0.04,0.05,-0.07
HD153458,5907,4.59,0.09,0.10,0.13,0.16,0.10
HD153627,5943,4.34,-0.29,-0.22,-0.20,-0.29,-0.33
HD153075,5781,4.48,-0.43,-0.29,-0.21,-0.55,-0.50
HD154345,5468,4.54,-0.10,-0.10,-0.13,-0.10,-0.14
HD154160,5650,4.12,0.51,0.35,0.37,0.43,0.47
HD154088,5409,4.46,0.43,0.29,0.27,0.31,0.34
HD154417,5989,4.30,-0.05,0.00,-0.02,0.04,-0.05
HD155060,6009,4.37,-0.13,-0.09,-0.09,-0.11,-0.16
HD154962,5784,4.10,0.48,0.30,0.28,0.33,0.39
HD154577,4881,4.61,-0.67,-0.54,-0.55,-0.69,-0.68
HD154857,5606,3.99,-0.24,-0.19,-0.15,-0.22,-0.23
HD155423,6210,4.22,0.42,0.29,0.29,0.32,0.33
HD155974,6275,4.19,-0.22,-0.12,-0.12,-0.17,-0.25
HD156365,5856,4.09,0.43,0.27,0.28,0.29,0.34
HD156274,5256,4.61,-0.35,-0.24,-0.23,-0.34,-0.35
HD156826,5249,3.79,-0.18,-0.24,-0.04,-0.13,-0.17
HD157214,5697,4.50,-0.27,-0.11,-0.12,-0.36,-0.32
HD155918,5752,4.61,-0.53,-0.37,-0.32,-0.64,-0.61
HD157466,5962,4.31,-0.44,-0.40,-0.38,-0.42,-0.49
HD157172,5490,4.53,0.16,0.15,0.16,0.17,0.16
HD157347,5714,4.50,0.02,-0.04,0.03,0.03,0.04
HD157338,5961,4.28,-0.09,-0.07,-0.10,-0.08,-0.13
HD158633,5302,4.66,-0.41,-0.34,-0.35,-0.40,-0.45
HD157968,6320,4.09,0.23,0.17,0.19,0.17,0.14
HD159063,6215,4.18,0.21,0.21,0.22,0.22,0.19
HD159222,5743,4.26,0.08,0.10,0.03,0.10,0.10
HD158783,5804,4.20,0.14,0.10,0.12,0.13,0.12
HD159909,5723,4.40,0.06,0.07,0.10,0.08,0.06
HD159868,5623,4.05,-0.01,-0.02,0.02,0.00,-0.01
HD160693,5820,4.51,-0.43,-0.34,-0.23,-0.50,-0.52
HD161897,5623,4.58,-0.04,-0.01,0.02,0.03,-0.02
HD160691,5784,4.30,0.40,0.28,0.26,0.29,0.34
HD161797A,5597,4.10,0.33,0.27,0.22,0.30,0.32
HD161555,5820,4.06,0.17,0.11,0.14,0.13,0.14
BD-084501,5755,4.20,-2.42,-1.45,-1.36,-1.47,-1.67
HD161848,5075,4.59,-0.29,-0.20,-0.20,-0.39,-0.36
HD161050,5980,4.14,-0.05,-0.03,0.00,-0.05,-0.07
HD161612,5600,4.52,0.14,0.17,0.11,0.14,0.14
HD162020,4845,4.90,-0.13,0.04,-0.01,0.11,0.05
HD162255,5835,4.25,0.18,0.11,0.09,0.10,0.13
HD162826,6162,4.29,0.02,0.03,0.06,0.03,0.00
HD163102,6206,4.17,-0.09,0.01,0.01,-0.03,-0.09
HD163153,5744,4.35,0.59,0.40,0.44,0.49,0.51
HD163489,5004,3.13,0.29,0.03,0.18,0.30,0.28
HD163272,5945,4.22,0.26,0.24,0.14,0.23,0.26
HD164595,5745,4.50,-0.08,-0.03,-0.04,-0.06,-0.08
HD164507,5647,3.93,0.16,0.10,0.21,0.19,0.18
HD164922,5385,4.51,0.17,0.16,0.21,0.17,0.15
HD164427,5954,4.28,0.18,0.12,0.10,0.13,0.15
HD165567,6258,3.99,0.05,0.02,0.05,0.06,-0.03
HD165269,6047,4.09,0.40,0.27,0.23,0.27,0.30
HD166435,5843,4.44,-0.05,-0.04,0.01,0.04,-0.09
HD166620,5000,4.47,-0.09,-0.13,-0.07,-0.18,-0.19
BD+053640,5104,4.85,-0.99,-0.49,-0.75,-1.14,-1.06
HD166553,5960,4.17,0.07,0.02,0.07,0.04,0.02
HD167215,6088,4.08,-0.42,-0.27,-0.21,-0.30,-0.40
HD167389,5911,4.47,-0.09,0.00,0.00,0.02,-0.06
HD168009,5767,4.31,0.03,0.00,-0.07,0.00,0.00
HD167665,6115,4.22,-0.18,-0.12,-0.09,-0.17,-0.20
HD168443,5580,4.25,0.07,0.10,0.12,0.08,0.08
HD168060,5620,4.18,0.27,0.26,0.25,0.28,0.31
HD168723,4975,3.29,-0.10,-0.22,-0.10,-0.05,-0.09
HD168746,5564,4.52,-0.07,0.03,0.08,-0.08,-0.07
HD168871,5964,4.37,-0.10,-0.06,-0.05,-0.09,-0.11
HD169822,5592,4.44,-0.10,-0.10,-0.02,-0.12,-0.16
HD169586,6214,4.13,0.41,0.25,0.14,0.23,0.27
HD169830,6221,4.06,0.06,0.11,0.20,0.15,0.09
HD170174,5245,3.11,0.42,0.04,0.29,0.35,0.24
HD170778,5912,4.37,-0.14,-0.05,-0.03,0.00,-0.10
HD170469,5811,4.39,0.40,0.30,0.29,0.30,0.35
HD170493,4770,4.79,0.38,0.27,0.17,0.35,0.37
HD170829,5398,3.93,0.06,0.05,0.08,0.13,0.10
HD170657,5103,4.61,-0.16,-0.13,-0.14,-0.15,-0.22
HD171067,5643,4.50,-0.06,-0.04,-0.05,-0.03,-0.06
HD171665,5651,4.48,-0.06,-0.04,-0.03,-0.04,-0.07
HD171918,5775,4.28,0.20,0.18,0.23,0.22,0.23
HD172310,5414,4.60,-0.37,-0.32,-0.34,-0.42,-0.43
HD172051,5564,4.50,-0.28,-0.20,-0.23,-0.26,-0.30
HD172649,6236,4.41,-0.17,-0.05,-0.04,-0.03,-0.15
HD172513,5531,4.51,-0.09,-0.03,-0.02,-0.01,-0.06
HD173701,5399,4.53,0.52,0.32,0.27,0.32,0.36
HD173667,6423,3.98,0.06,0.03,-0.06,0.03,-0.06
HD174080,4750,4.84,0.05,0.18,0.04,0.22,0.18
HD174457,5852,4.08,-0.19,-0.18,-0.06,-0.18,-0.23
HD174912,5861,4.45,-0.43,-0.39,-0.40,-0.48,-0.51
HD175317,6362,3.99,0.01,0.02,-0.03,0.03,-0.06
HD175541,5055,3.52,-0.16,-0.19,-0.08,-0.07,-0.12
HD175518,5577,4.42,0.34,0.24,0.22,0.29,0.27
HD175345,6125,4.31,-0.14,-0.06,-0.12,-0.09,-0.14
HD175726,5998,4.41,-0.22,-0.11,-0.09,-0.07,-0.20
HD176377,5788,4.40,-0.31,-0.23,-0.22,-0.27,-0.33
HD230409,5385,4.92,-0.78,-0.55,-0.52,-0.86,-0.81
HD177153,5993,4.20,-0.06,-0.04,-0.03,-0.05,-0.10
HD176982,5524,3.96,-0.12,-0.13,-0.04,-0.10,-0.12
HD177830,4949,4.03,0.59,0.40,0.34,0.55,0.61
HD177565,5648,4.49,0.11,0.10,0.06,0.09,0.10
HD178911B,5668,4.55,0.34,0.26,0.26,0.28,0.30
HD179957,5676,4.34,-0.03,0.01,-0.01,-0.02,-0.02
HD179958,5760,4.39,0.01,0.04,0.06,0.04,0.04
HD179140,5884,4.11,0.19,0.08,0.16,0.12,0.11
HD230999,5665,4.53,0.06,0.12,0.18,0.15,0.10
HD179949,6168,4.34,0.10,0.13,0.08,0.14,0.11
HD180684,6090,4.07,0.05,0.04,0.12,0.05,0.01
HD181144,6152,4.28,-0.15,-0.13,-0.15,-0.14,-0.22
HD181655,5701,4.50,-0.02,0.04,0.02,0.06,0.02
HD181234,5354,4.47,0.41,0.37,0.33,0.36,0.37
HD181428,6047,4.20,0.01,0.02,0.04,0.03,0.00
HD182488,5453,4.67,0.26,0.19,0.17,0.22,0.20
HD182572,5656,4.32,0.52,0.38,0.38,0.40,0.43
HD183263,5936,4.40,0.33,0.27,0.28,0.30,0.33
HD183341,5926,4.33,0.01,0.05,0.02,0.05,0.03
HD183650,5713,4.24,0.43,0.29,0.31,0.31,0.36
HD183658,5798,4.42,0.08,0.05,0.03,0.05,0.05
HD183870,5067,4.69,-0.04,0.08,-0.04,0.05,-0.05
HD185144,5246,4.53,-0.21,-0.19,-0.19,-0.19,-0.22
HD183877,5618,4.59,-0.13,-0.05,-0.05,-0.20,-0.18
HD184385,5586,4.53,0.10,0.09,0.08,0.15,0.09
HD185395,6594,4.04,-0.12,-0.05,-0.13,-0.08,-0.16
HD184860,4916,4.54,0.02,-0.01,-0.05,-0.04,-0.08
HD184985,6333,4.11,0.05,0.05,0.13,0.09,0.02
HD185295,5223,3.83,-0.13,-0.16,-0.06,-0.10,-0.13
HD185720,6304,4.36,0.30,0.27,0.30,0.24,0.23
HD186408,5781,4.34,0.13,0.11,0.06,0.10,0.10
HD186427,5674,4.35,0.08,0.08,0.00,0.04,0.04
HD187123,5815,4.36,0.13,0.10,0.11,0.12,0.13
HD187237,5831,4.49,-0.04,0.07,0.08,0.07,0.02
HD187085,6075,4.28,0.05,0.08,0.08,0.09,0.07
HD187691,6139,4.25,0.10,0.16,0.17,0.16,0.14
HD187923,5726,4.28,-0.12,-0.05,0.04,-0.13,-0.13
HD188015,5746,4.44,0.42,0.27,0.25,0.29,0.33
HD187897,5835,4.30,0.06,0.07,0.04,0.10,0.04
HD188510,5171,4.35,-1.99,-1.58,-1.47,-1.64,-1.89
HD188512,5163,3.79,-0.15,-0.18,-0.13,-0.10,-0.15
HD189067,5868,4.25,-0.06,0.00,0.03,-0.02,-0.03
HD188641,5885,4.07,-0.15,-0.11,-0.01,-0.08,-0.11
HD189625,5822,4.44,0.15,0.16,0.12,0.18,0.17
HD190067,5356,4.61,-0.36,-0.26,-0.27,-0.37,-0.37
HD190228,5348,3.98,-0.24,-0.22,-0.12,-0.18,-0.23
HD190360,5552,4.38,0.25,0.24,0.20,0.21,0.23
HD190404,4973,4.64,-0.58,-0.37,-0.35,-0.66,-0.60
HD190406,5932,4.45,-0.01,0.05,0.01,0.05,0.01
HD190771,5834,4.44,0.11,0.12,0.11,0.17,0.14
HD189567,5713,4.45,-0.25,-0.16,-0.16,-0.23,-0.27
HD191022,5829,4.21,0.14,0.08,0.11,0.09,0.10
HD190248,5590,4.31,0.43,0.31,0.25,0.33,0.36
HD191785,5140,4.60,-0.05,0.03,-0.01,-0.15,-0.12
HD191408,4922,4.58,-0.48,-0.35,-0.26,-0.56,-0.52
HD192020,5194,4.57,-0.03,-0.03,0.00,0.01,-0.07
HD192263,4975,4.60,0.00,0.07,-0.02,0.05,-0.02
HD192343,5839,4.34,0.28,0.22,0.21,0.28,0.27
HD192344,5772,4.22,0.28,0.22,0.25,0.30,0.29
HD192310,5080,4.55,0.06,0.01,-0.03,0.02,0.02
HD193664,5886,4.48,-0.20,-0.11,-0.07,-0.09,-0.15
HD193017,6085,4.32,-0.05,0.02,0.01,0.03,-0.03
HD193193,5954,4.32,-0.06,-0.05,-0.05,-0.07,-0.08
HD193795,5878,4.36,0.24,0.16,0.16,0.19,0.18
HD192865,6153,4.11,0.09,0.11,0.12,0.10,0.07
HD193307,6033,4.22,-0.30,-0.21,-0.13,-0.27,-0.30
HD194035,5762,4.24,0.23,0.19,0.25,0.27,0.24
HD193901,5408,4.14,-1.54,-1.03,-1.12,-1.23,-1.46
HD194766,6089,4.26,-0.20,-0.15,-0.16,-0.18,-0.24
HD194640,5530,4.49,0.00,-0.01,-0.07,-0.03,-0.03
HD195019,5788,4.23,-0.03,0.04,0.08,0.07,0.03
HD195104,6168,4.34,-0.22,-0.13,-0.11,-0.15,-0.22
HD195564,5699,4.16,0.01,0.05,0.10,0.10,0.06
HD196201,5460,4.57,-0.17,-0.12,-0.14,-0.14,-0.18
HD196050,5892,4.27,0.33,0.25,0.22,0.23,0.28
HD196850,5790,4.37,-0.14,-0.09,-0.08,-0.11,-0.13
HD196390,5863,4.46,-0.05,0.04,0.03,0.06,0.01
HD196885,6185,4.23,0.18,0.20,0.17,0.20,0.18
HD196378,6040,4.02,-0.36,-0.30,-0.19,-0.34,-0.40
HD196761,5419,4.54,-0.26,-0.22,-0.26,-0.28,-0.32
HD196800,5991,4.34,0.20,0.17,0.12,0.16,0.18
HD197076A,5823,4.47,-0.15,-0.07,-0.04,-0.09,-0.13
HD196068,5948,4.38,0.31,0.30,0.29,0.31,0.36
HD198089,5872,4.33,-0.23,-0.13,-0.10,-0.21,-0.24
HD198387,5151,3.84,-0.11,-0.16,0.01,-0.04,-0.09
HD199019,5560,4.60,-0.14,-0.04,-0.02,0.07,-0.08
HD199476,5470,4.61,-0.36,-0.23,-0.24,-0.41,-0.41
HD198802,5767,3.96,0.00,-0.02,0.06,0.04,0.02
BD+413931,5125,4.29,-2.15,-1.88,-1.65,-1.77,-2.08
HD199598,6022,4.40,0.02,0.07,0.05,0.07,0.04
HD199288,5796,4.62,-0.52,-0.41,-0.33,-0.63,-0.60
HD199190,5938,4.29,0.21,0.15,0.15,0.15,0.17
HD199960,5962,4.31,0.40,0.26,0.26,0.27,0.33
HD200565,5684,4.37,-0.09,-0.06,-0.05,-0.06,-0.12
HD200538,6037,4.34,0.08,0.09,0.13,0.11,0.11
HD200746,5949,4.50,-0.06,-0.01,0.04,0.04,-0.06
HD200968,5221,4.61,0.04,0.05,0.04,0.11,0.03
HD201219,5653,4.57,0.08,0.12,0.09,0.15,0.11
HD201203,6338,4.29,0.04,0.20,0.24,0.27,0.19
HD199509,5770,4.55,-0.33,-0.25,-0.27,-0.31,-0.33
HD201891,5688,4.39,-1.05,-0.84,-0.86,-1.12,-1.20
HD202108,5684,4.51,-0.27,-0.19,-0.19,-0.20,-0.27
HD201989,5749,4.58,0.05,0.09,0.09,0.12,0.08
HD202206,5788,4.49,0.33,0.28,0.31,0.35,0.35
HD202575,4780,4.85,-0.18,0.16,-0.05,0.04,-0.06
HD202751,4797,4.70,-0.13,0.03,-0.06,-0.10,-0.13
HD202628,5816,4.49,-0.10,-0.01,-0.01,-0.01,-0.08
HD202917,5617,4.39,-0.06,-0.07,0.02,0.11,-0.06
HD204277,6196,4.37,-0.20,-0.06,-0.07,-0.02,-0.12
HD204385,5971,4.34,0.05,0.05,-0.02,0.02,0.02
HD205420,6313,3.91,0.05,0.07,0.18,0.10,0.04
HD205390,5053,4.62,-0.24,-0.16,-0.15,-0.17,-0.24
BD+592407,5067,4.39,-2.16,-2.11,-1.84,-1.95,-2.15
HD205536,5444,4.52,-0.02,0.00,-0.02,-0.03,-0.04
HD206332,6033,4.33,0.41,0.28,0.25,0.27,0.33
HD206374,5587,4.52,-0.17,-0.09,-0.10,-0.05,-0.13
HD206387,5852,4.50,0.08,0.12,0.18,0.23,0.14
HD206395,6200,4.25,0.31,0.24,0.19,0.24,0.25
HD206860,5974,4.47,-0.07,-0.02,-0.03,-0.02,-0.09
HD207129,5889,4.42,-0.09,-0.01,-0.04,-0.03,-0.07
HD207874,5148,4.50,0.12,0.13,0.10,0.11,0.09
HD208313,5033,4.54,-0.02,-0.04,-0.04,-0.04,-0.08
HD207700,5680,4.39,0.08,0.11,0.11,0.04,0.07
HD208487,6067,4.34,-0.01,0.04,0.03,0.02,-0.01
HD208776,5977,4.00,-0.07,-0.09,0.01,-0.05,-0.10
HD208801,4915,3.87,0.16,0.10,0.11,0.16,0.18
HD208998,5901,4.42,-0.25,-0.13,0.01,-0.32,-0.28
HD209393,5541,4.38,-0.31,-0.18,-0.20,-0.17,-0.27
HD209253,6109,4.20,-0.35,-0.10,-0.35,-0.09,-0.26
HD209458,6099,4.38,-0.04,0.04,0.08,0.01,-0.04
HD209268,6028,4.12,-0.13,-0.05,-0.01,-0.08,-0.11
HD209779,5718,4.25,-0.04,-0.03,-0.12,0.02,-0.07
HD209875,6098,4.11,-0.17,-0.09,-0.04,-0.11,-0.17
HD211681,5839,4.32,0.56,0.38,0.39,0.45,0.48
HD209653,6002,4.24,-0.09,-0.05,-0.01,-0.10,-0.12
HD210312,5760,4.47,0.28,0.24,0.22,0.28,0.29
HD210277,5555,4.49,0.24,0.22,0.22,0.21,0.21
HD210302,6339,4.15,0.07,0.08,0.08,0.09,0.02
HD210460,5658,3.95,-0.23,-0.20,-0.02,-0.12,-0.22
HD210667,5462,4.56,0.29,0.19,0.18,0.23,0.20
HD210855,6261,3.93,0.26,0.17,0.25,0.19,0.14
HD210752,5835,4.37,-0.62,-0.54,-0.50,-0.64,-0.69
HD211038,5009,3.87,-0.17,-0.15,0.00,-0.22,-0.20
HD210918,5735,4.38,-0.15,-0.06,-0.05,-0.11,-0.13
HD211080,5820,4.19,0.44,0.30,0.35,0.39,0.41
HD211317,5910,4.23,0.38,0.25,0.21,0.24,0.29
HD212291,5602,4.56,-0.22,-0.13,-0.10,-0.12,-0.19
HD212330,5739,4.15,-0.05,0.02,0.05,0.05,0.02
HD212168,5897,4.33,-0.05,0.00,-0.03,-0.01,-0.03
HD212708,5689,4.39,0.40,0.28,0.23,0.29,0.32
HD212801,5456,3.98,0.00,0.00,0.16,0.12,0.06
HD213472,5799,4.30,0.04,0.12,0.20,0.16,0.13
HD213240,5968,4.22,0.19,0.14,0.16,0.14,0.16
HD213519,5832,4.44,0.00,0.01,0.02,0.00,0.00
HD213575,5668,4.33,-0.07,-0.02,0.05,-0.12,-0.11
HD213628,5579,4.53,0.06,0.03,0.00,0.03,0.01
HD214557,5997,4.09,0.06,0.04,0.06,0.07,0.03
HD214759,5434,4.44,0.28,0.18,0.10,0.18,0.20
HD214953,6049,4.29,0.00,0.05,0.03,0.03,0.01
HD215578,5136,3.37,0.54,0.17,0.33,0.43,0.41
HD215648,6204,4.00,-0.19,-0.15,-0.12,-0.22,-0.30
HD216275,5863,4.38,-0.26,-0.14,-0.14,-0.16,-0.23
HD216259,4969,4.81,-0.61,-0.37,-0.35,-0.63,-0.65
HD216435,5999,4.15,0.28,0.22,0.24,0.24,0.27
HD216625,6212,4.33,-0.01,0.05,0.08,0.05,0.00
HD216437,5849,4.23,0.29,0.22,0.20,0.22,0.25
HD217014,5787,4.45,0.30,0.22,0.14,0.20,0.23
HD217004,5694,3.99,-0.07,-0.05,-0.01,-0.05,-0.07
HD217107,5704,4.54,0.43,0.35,0.32,0.39,0.39
HD217165,5936,4.39,-0.05,0.00,0.01,0.01,-0.03
HD217618,5714,4.30,0.47,0.33,0.31,0.35,0.39
HD217813,5885,4.50,-0.08,0.02,0.09,0.07,-0.03
HD217877,5953,4.29,-0.07,-0.06,-0.08,-0.11,-0.13
HD218168,5879,4.39,-0.20,-0.06,-0.07,-0.01,-0.12
HD217958,5962,4.40,0.45,0.32,0.30,0.31,0.38
HD218209,5585,4.60,-0.36,-0.26,-0.23,-0.46,-0.45
HD218101,5301,3.99,0.18,0.06,0.19,0.20,0.17
HD218133,5923,4.23,-0.08,-0.06,-0.02,-0.07,-0.08
HD218235,6539,4.34,0.38,0.28,0.24,0.23,0.24
HD218261,6226,4.40,0.24,0.15,0.12,0.15,0.13
HD218566,4927,4.81,0.38,0.33,0.23,0.38,0.37
HD218687,5905,4.35,-0.18,-0.08,-0.07,-0.08,-0.14
HD218730,5900,4.35,-0.01,0.08,0.05,0.10,0.05
HD218868,5540,4.45,0.24,0.22,0.18,0.21,0.23
HD219134,4835,4.56,0.13,0.02,0.02,0.12,0.09
HD219172,6145,4.30,0.06,0.11,0.09,0.12,0.09
HD219077,5364,4.05,-0.17,-0.10,-0.05,-0.12,-0.13
HD219420,6120,4.33,-0.03,-0.01,-0.04,-0.04,-0.07
HD219538,5078,4.50,0.02,-0.04,-0.07,-0.04,-0.08
HD219542,5710,4.44,0.08,0.14,0.13,0.16,0.14
BD-025917,5708,4.19,-0.01,0.05,-0.05,0.05,0.03
HD219834B,5168,4.59,0.28,0.20,0.14,0.22,0.21
HD220077,5840,4.37,-0.36,-0.30,-0.23,-0.34,-0.43
HD220339,4975,4.53,-0.25,-0.28,-0.24,-0.31,-0.35
HD220507,5687,4.35,0.06,0.08,0.10,0.02,0.02
HD221146,5903,4.34,0.11,0.12,0.11,0.11,0.12
HD221354,5133,4.37,0.05,0.06,0.01,0.01,0.00
HD221356,5976,4.31,-0.29,-0.22,-0.18,-0.26,-0.29
HD221420,5830,4.08,0.42,0.33,0.32,0.34,0.43
HD221830,5740,4.40,-0.37,-0.16,-0.06,-0.40,-0.37
HD222033,5991,4.26,0.20,0.17,0.20,0.19,0.20
HD222143,5869,4.45,0.01,0.09,0.06,0.15,0.10
HD222237,4723,4.69,-0.28,-0.09,-0.18,-0.29,-0.27
HD222335,5231,4.54,-0.20,-0.17,-0.17,-0.17,-0.21
HD222368,6204,4.18,-0.09,-0.06,-0.04,-0.09,-0.16
HD222480,5833,4.24,0.20,0.17,0.18,0.18,0.19
HD222582,5727,4.34,-0.01,0.00,0.00,-0.03,-0.03
HD222697,5361,4.41,0.01,0.12,0.10,0.16,0.10
HD223084,6083,4.33,-0.22,-0.15,-0.17,-0.13,-0.22
HD223171,5862,4.21,0.15,0.10,0.13,0.12,0.12
HD223238,5844,4.39,0.04,0.03,0.04,0.02,0.03
HD223315,5606,4.34,0.29,0.28,0.25,0.30,0.31
HD223498,5628,4.58,0.17,0.18,0.17,0.23,0.18
HD223691,5506,4.08,-0.22,-0.16,-0.08,-0.17,-0.19
HD224156,5496,4.58,-0.05,0.02,0.04,-0.03,-0.06
HD224383,5754,4.31,-0.14,-0.05,0.00,-0.04,-0.09

