HIP,HD,Teff,logg,NaH,SiH,TiH,FeH,NiH
400,HD225261,5265,4.59,-0.35,-0.25,-0.28,-0.44,-0.43
490,HD105,6126,4.65,-0.2,-0.02,0.05,0.08,-0.06
522,HD142,6249,4.19,0.07,0.1,0.07,0.1,0.04
544,HD166,5577,4.58,0.1,0.08,0.11,0.18,0.11
616,HD283,5094,4.57,-0.56,-0.38,-0.45,-0.55,-0.56
682,HD377,5873,4.28,0,0.05,0.07,0.15,0.04
699,HD400,6152,4.19,-0.3,-0.17,-0.14,-0.21,-0.29
795,HD531,5778,4.71,0.05,0.1,0.24,0.21,0.07
919,HD691,5633,4.66,0.18,0.2,0.26,0.32,0.23
1134,HD984,6490,4.83,-0.06,0.05,-0.03,0.09,0.01
1444,HD1388,5952,4.42,-0.09,-0.01,0.02,0,-0.04
1499,HD1461,5765,4.41,0.29,0.19,0.17,0.18,0.22
1599,HD1581,5948,4.46,-0.22,-0.15,-0.15,-0.22,-0.24
1803,HD1835,5837,4.47,0.26,0.19,0.13,0.25,0.2
1813,HD1832,5731,4.27,-0.07,-0.04,-0.04,-0.03,-0.06
1931,HD2039,5941,4.38,0.41,0.33,0.25,0.32,0.34
1936,HD2025,4865,4.61,-0.27,-0.19,-0.24,-0.29,-0.33
1954,HD2071,5693,4.46,-0.11,-0.07,-0.11,-0.09,-0.12
2021,HD2151,5873,4.08,-0.05,-0.06,-0.02,-0.07,-0.08
2282,HD2587,5572,4.36,0.28,0.27,0.18,0.26,0.31
2422,HD2589,5120,3.96,-0.11,-0.06,0.03,-0.04,-0.06
2663,HD3074,5911,4.12,-0.01,0.02,-0.03,0,-0.02
2712,HD3079,6071,4.24,-0.05,-0.03,-0.02,-0.08,-0.11
2790,HD3277,5539,4.47,-0.05,-0.05,-0.08,-0.07,-0.08
3093,HD3651,5221,4.45,0.24,0.13,0.11,0.16,0.16
3119,HD3674,6209,4.28,0.01,0.09,0.06,0.09,0.03
3169,HD3770,6111,4.10,-0.02,0,0.03,-0.01,-0.05
3170,HD3823,6014,4.23,-0.29,-0.21,-0.14,-0.27,-0.3
3185,HD3795,5369,4.16,-0.47,-0.36,-0.26,-0.58,-0.54
3203,HD3821,5828,4.46,-0.19,-0.09,-0.07,-0.06,-0.15
3206,HD3765,5032,4.59,0.21,0.16,0.09,0.18,0.14
3236,HD3861,6223,4.26,-0.03,0.08,0.06,0.08,0.01
3479,HD4208,5600,4.52,-0.27,-0.21,-0.23,-0.28,-0.31
3497,HD4308,5695,4.58,-0.24,-0.12,-0.09,-0.31,-0.27
3502,HD4203,5702,4.36,0.5,0.4,0.4,0.45,0.47
3535,HD4256,4930,4.80,0.27,0.29,0.24,0.34,0.32
3540,HD4271,6149,4.28,0.01,0.02,0.02,0.02,-0.04
3559,HD4307,5839,4.10,-0.29,-0.18,-0.07,-0.19,-0.22
3765,HD4628,4944,4.51,-0.27,-0.28,-0.23,-0.27,-0.3
3821,HD4614,5941,4.44,-0.22,-0.19,-0.2,-0.25,-0.27
3850,HD4747,5335,4.65,-0.29,-0.19,-0.22,-0.22,-0.29
3979,HD4915,5650,4.57,-0.24,-0.15,-0.16,-0.19,-0.24
4005,HD4903,6086,4.15,-0.07,-0.02,0.01,-0.03,-0.07
4127,HD5065,5957,4.13,-0.1,-0.04,0.02,-0.05,-0.07
4148,HD5133,4968,4.80,-0.15,0.03,-0.06,-0.04,-0.1
4393,HD5372,5877,4.40,0.28,0.22,0.18,0.21,0.24
4395,HD5562,5453,4.15,0.18,0.16,0.17,0.22,0.2
4423,HD5470,5966,4.32,0.3,0.23,0.12,0.24,0.26
5189,HD6558,6086,4.26,0.29,0.25,0.25,0.26,0.28
5280,HD6735,6085,4.45,-0.12,-0.04,-0.06,-0.07,-0.12
5296,HD6706,6540,4.18,0.17,0.15,0.45,0.26,0
5315,HD6734,5067,3.81,-0.25,-0.27,-0.1,-0.41,-0.37
5480,HD6872,6409,4.21,-0.23,-0.1,-0.08,-0.05,-0.17
5521,HD6963,5495,4.54,-0.31,-0.19,-0.19,-0.15,-0.25
5529,HD7199,5382,4.44,0.49,0.33,0.28,0.36,0.4
5534,HD7047,5898,4.25,-0.05,-0.07,-0.08,-0.09,-0.11
5682,HD7228,6153,4.07,-0.08,-0.03,0.01,-0.05,-0.11
5842,HD7693,4982,4.78,0.12,0.25,0,0.23,0.18
5862,HD7570,6116,4.33,0.17,0.17,0.13,0.16,0.16
5938,HD7661,5421,4.46,-0.06,0,-0.01,0.06,-0.04
5944,HD7590,6031,4.54,-0.21,-0.05,-0.03,-0.03,-0.13
5985,HD7727,6022,4.25,0,0.05,0.01,0.05,0.01
6197,HD8038,5689,4.51,0.11,0.14,0.13,0.18,0.16
6379,HD7924,5177,4.58,-0.16,-0.16,-0.13,-0.15,-0.22
6405,HD8262,5761,4.46,-0.21,-0.12,-0.16,-0.16,-0.2
6442,HD8331,5695,4.05,-0.08,-0.02,0.02,-0.01,-0.03
6498,HD8328,5817,4.19,0.46,0.31,0.27,0.36,0.41
6643,HD8574,6050,4.20,-0.03,0,0.04,-0.01,-0.03
6653,HD8648,5790,4.35,0.2,0.16,0.14,0.17,0.18
6702,HD8673,6340,4.21,0.13,0.17,0.06,0.15,0.05
6712,HD8765,5590,4.23,0.28,0.17,0.16,0.19,0.17
6869,HD8941,6226,4.05,0.24,0.17,0.16,0.19,0.14
6878,HD8907,6204,4.35,-0.28,-0.08,-0.12,-0.02,-0.17
6978,HD9070,5657,4.36,0.31,0.3,0.22,0.3,0.31
7080,HD9280,5759,4.42,0.34,0.35,0.35,0.38,0.37
7090,HD9224,5843,4.24,0,0,0,0,0
7221,HD9331,5484,4.32,0.08,0.17,0.04,0.13,0.09
7235,HD9540,5462,4.56,-0.09,-0.06,-0.04,-0.02,-0.09
7244,HD9472,5867,4.67,-0.1,-0.02,0.05,0.05,-0.06
7276,HD9562,5939,4.13,0.31,0.21,0.23,0.26,0.28
7339,HD9407,5657,4.48,0.04,0.04,0,0.02,0.02
7513,HD9826,6213,4.25,0.15,0.17,0.17,0.15,0.13
7539,HD10002,5281,4.45,0.25,0.2,0.2,0.2,0.19
7585,HD9986,5805,4.45,0.04,0.07,0.05,0.08,0.05
7599,HD10180,5890,4.37,0.14,0.09,0.03,0.08,0.08
7733,HD10126,5537,4.49,0.03,0.02,0.01,0.02,0.01
7734,HD10086,5725,4.46,0.05,0.07,0.07,0.12,0.07
7751,HD10360,5016,4.59,-0.21,-0.22,-0.21,-0.23,-0.26
7902,HD10145,5638,4.44,-0.06,0.01,0.02,-0.01,-0.05
7978,HD10647,6105,4.34,-0.18,-0.08,-0.11,-0.08,-0.15
7981,HD10476,5181,4.53,-0.02,-0.04,-0.04,-0.04,-0.08
8102,HD10700,5283,4.59,-0.45,-0.31,-0.31,-0.52,-0.49
8159,HD10697,5680,4.12,0.17,0.13,0.15,0.19,0.17
8346,HD11020,5173,4.62,-0.16,-0.06,-0.08,-0.28,-0.24
8362,HD10780,5327,4.54,-0.05,0.01,-0.02,0.03,-0.03
8398,HD11112,5890,4.24,0.28,0.19,0.15,0.2,0.23
8548,HD11226,6012,4.20,0.05,0.02,0.02,0.03,0
8598,HD11151,6405,4.00,0.11,0.11,0.26,0.2,-0.07
8798,HD11505,5758,4.44,-0.16,-0.07,-0.03,-0.22,-0.2
9073,HD11850,5663,4.55,-0.07,0.03,0.05,0.09,-0.01
9094,HD11964,5349,4.03,0.01,0.03,0.1,0.12,0.1
9269,HD12051,5495,4.62,0.21,0.23,0.18,0.26,0.21
9353,HD12235,6097,4.29,0.46,0.32,0.27,0.33,0.36
9381,HD12387,5716,4.52,-0.15,-0.07,-0.05,-0.23,-0.2
9406,HD12328,4919,3.70,-0.12,-0.09,-0.01,0.02,0.03
9473,HD12414,6158,4.04,-0.4,-0.29,-0.25,-0.34,-0.44
9683,HD12661,5743,4.42,0.51,0.35,0.32,0.36,0.42
9829,HD12846,5626,4.42,-0.29,-0.2,-0.19,-0.28,-0.29
9911,HD13043,5897,4.27,0.13,0.09,0.1,0.09,0.09
10138,HD13445,5151,4.59,-0.24,-0.16,-0.17,-0.27,-0.28
10175,HD13357,5696,4.47,-0.11,-0.02,-0.04,-0.01,-0.07
10321,HD13507,5755,4.56,-0.1,-0.03,0.01,0.03,-0.06
10339,HD13531,5621,4.52,-0.12,-0.06,-0.04,0.01,-0.1
10505,HD13825,5711,4.44,0.31,0.19,0.16,0.19,0.24
10531,HD13579,5211,4.59,0.47,0.3,0.26,0.35,0.35
10626,HD13931,5830,4.30,0.03,0.04,0.06,0.03,0.02
10680,HD14082,6219,4.43,-0.17,0.03,0.14,0.09,-0.02
10798,HD14412,5374,4.69,-0.46,-0.37,-0.4,-0.47,-0.51
11548,HD15335,5891,4.07,-0.24,-0.14,-0.06,-0.13,-0.19
12048,HD16141,5794,4.22,0.08,0.11,0.15,0.17,0.14
12114,HD16160,4866,4.66,-0.01,-0.06,0,-0.12,-0.11
12158,HD16287,5075,4.67,0.18,0.22,0.08,0.25,0.18
12186,HD16417,5817,4.17,0.09,0.1,0.1,0.13,0.13
12198,HD16275,5839,4.39,0.38,0.3,0.22,0.34,0.34
12306,HD16397,5788,4.50,-0.4,-0.32,-0.28,-0.51,-0.49
12350,HD16548,5750,4.12,0.11,0.13,0.29,0.25,0.22
12364,HD16623,5819,4.49,-0.33,-0.25,-0.16,-0.45,-0.43
12653,HD17051,6097,4.34,0.08,0.1,0.07,0.11,0.07
12764,HD17037,6206,4.32,0.03,0.07,0.1,0.08,0.05
12777,HD16895,6344,4.42,-0.04,0.04,0.04,0.06,-0.03
12926,HD17190,5142,4.40,-0.1,-0.11,-0.12,-0.11,-0.15
13402,HD17925,5236,4.59,0.11,0.06,0.11,0.18,0.1
13601,HD18144,5511,4.48,0.06,0.05,0.04,0.07,0.05
13642,HD18143,5148,4.55,0.34,0.24,0.18,0.28,0.26
13679,HD18262,6458,4.16,0.16,0.25,0.27,0.31,0.22
13769,HD18445,4894,4.57,-0.05,-0.01,-0.11,0,-0.15
13902,HD18709,5874,4.37,-0.31,-0.19,-0.16,-0.26,-0.29
13976,HD18632,5088,4.42,0.18,0.13,0.16,0.25,0.16
14086,HD18907,5097,3.93,-0.54,-0.38,-0.27,-0.57,-0.52
14150,HD18803,5638,4.45,0.17,0.11,0.05,0.11,0.11
14241,HD19034,5470,4.63,-0.37,-0.21,-0.17,-0.49,-0.44
14501,HD19467,5715,4.44,-0.12,-0.04,0,-0.15,-0.14
14532,HD19308,5807,4.34,0.2,0.14,0.1,0.13,0.15
14623,HD19632,5772,4.49,0.07,0.08,0.05,0.13,0.08
14632,HD19373,6032,4.31,0.18,0.16,0.12,0.16,0.18
14857,HD20029,6140,4.28,0.09,0.12,0.09,0.12,0.1
14954,HD19994,6188,4.24,0.27,0.21,0.22,0.19,0.24
14964,HD20201,5977,4.38,-0.05,0.08,0.08,0.08,0.05
15099,HD20165,5110,4.49,0.01,-0.02,-0.07,-0.03,-0.05
15330,HD20766,5699,4.58,-0.27,-0.18,-0.2,-0.24,-0.26
15371,HD20807,5845,4.54,-0.28,-0.18,-0.2,-0.26,-0.28
15442,HD20619,5703,4.54,-0.25,-0.19,-0.17,-0.21,-0.26
15457,HD20630,5742,4.49,0.04,0.06,0.04,0.12,0.05
15510,HD20794,5401,4.62,-0.29,-0.15,-0.14,-0.41,-0.35
15527,HD20782,5758,4.35,-0.14,-0.04,-0.06,-0.05,-0.11
15669,HD20675,6577,4.28,0.2,0.14,0.16,0.21,0.11
15776,HD21019,5529,4.05,-0.4,-0.35,-0.22,-0.36,-0.4
16107,HD21313,5989,4.30,0.28,0.2,0.16,0.19,0.22
16115,HD22104,5848,4.35,0.52,0.38,0.29,0.34,0.43
16405,HD21774,5764,4.39,0.24,0.23,0.19,0.26,0.27
16517,HD21847,6341,4.33,0.14,0.17,0.13,0.2,0.13
16537,HD22049,5146,4.57,-0.12,-0.12,-0.05,-0.03,-0.11
16641,HD22072,5027,3.65,-0.22,-0.24,-0.08,-0.25,-0.25
16727,HD22282,5475,4.50,0.14,0.14,0.12,0.16,0.13
16852,HD22484,6038,4.21,-0.03,-0.01,0.04,-0.02,-0.02
17027,HD22713,5065,3.79,0.05,-0.01,0.02,0.08,0.08
17054,HD23127,5752,4.15,0.62,0.4,0.32,0.34,0.47
17096,HD23079,5927,4.34,-0.21,-0.11,-0.06,-0.15,-0.19
17147,HD22879,5688,4.41,-0.85,-0.59,-0.55,-0.91,-0.95
17183,HD22918,4939,3.84,-0.04,-0.01,0.08,0.04,0.02
17378,HD23249,5095,3.98,0.16,0.08,0.09,0.16,0.14
17420,HD23356,4991,4.59,-0.05,-0.06,-0.07,-0.06,-0.13
17439,HD23484,5155,4.46,0.05,0.05,0.03,0.12,0.06
17666,HD23439,5070,4.71,-1.01,-0.55,-0.67,-1.03,-0.98
17747,HD23596,5904,3.97,0.33,0.21,0.15,0.22,0.27
17819,HD24112,6124,4.22,0.22,0.13,0.14,0.14,0.15
17960,HD24040,5853,4.36,0.23,0.19,0.23,0.21,0.24
18106,HD24213,6044,4.23,0.04,0.1,0.12,0.09,0.07
18208,HD24365,5205,3.70,-0.25,-0.3,-0.17,-0.21,-0.26
18267,HD24496,5572,4.56,-0.02,-0.01,0,0.01,-0.03
18309,HD24341,5459,4.07,-0.58,-0.42,-0.3,-0.52,-0.54
18324,HD24238,4973,4.59,-0.41,-0.26,-0.23,-0.51,-0.47
18388,HD24727,6211,4.10,-0.21,-0.12,-0.06,-0.11,-0.2
18432,HD24892,5363,4.12,-0.32,-0.21,-0.12,-0.28,-0.31
18606,HD25069,4994,3.53,0.22,-0.01,0.16,0.22,0.19
18844,HD25874,5699,4.41,0.04,0.03,-0.01,-0.01,-0.01
18870,HD25587,6118,4.14,-0.09,-0.05,-0.02,-0.05,-0.11
19024,HD25682,5477,4.53,0.02,0.08,0.07,0.09,0.04
19070,HD25790,5630,3.94,0.1,0.08,0.16,0.15,0.15
19076,HD25680,5874,4.52,0.02,0.06,0.02,0.1,0
19148,HD25825,5941,4.38,-0.03,0.08,-0.01,0.07,0.05
19232,HD26151,5348,4.47,0.34,0.25,0.19,0.26,0.26
19233,HD26491,5816,4.37,-0.09,-0.05,-0.08,-0.07,-0.08
19301,HD25918,5533,4.52,-0.18,-0.06,-0.05,-0.05,-0.12
19422,HD25665,4936,4.51,0.04,-0.01,-0.06,-0.03,-0.06
19467,HD26754,6025,4.33,-0.37,-0.28,-0.24,-0.36,-0.4
19788,HD26794,4909,4.74,0.02,0.13,0.09,0.1,0.05
19849,HD26965,5151,4.57,-0.17,-0.11,-0.03,-0.28,-0.24
19911,HD26990,5748,4.39,-0.1,-0.12,0.01,-0.04,-0.16
19921,HD27442,4846,3.78,0.43,0.28,0.17,0.42,0.5
20552,HD28255,5897,4.45,0,0.05,0.02,0.05,0.03
20638,HD28187,5781,4.56,-0.34,-0.21,-0.11,-0.42,-0.39
20800,HD28005,5819,4.38,0.5,0.33,0.3,0.32,0.39
20899,HD28344,6005,4.43,0.11,0.13,0.16,0.19,0.14
21010,HD28447,5604,4.09,-0.11,-0.04,0.01,-0.03,-0.05
21158,HD28676,5888,4.28,0.08,0.07,0.1,0.07,0.08
21272,HD28946,5321,4.55,-0.19,-0.13,-0.14,-0.15,-0.2
21436,HD29150,5675,4.41,0,-0.01,-0.01,-0.01,-0.02
21654,HD29461,5913,4.52,0.19,0.2,0.2,0.25,0.21
21703,HD29528,5524,4.50,0.11,0.14,0.17,0.17,0.11
21850,HD30177,5607,4.31,0.52,0.38,0.3,0.39,0.46
21889,HD30295,5417,4.50,0.32,0.31,0.23,0.28,0.29
21923,HD29836,5761,4.25,0.19,0.22,0.26,0.26,0.27
21961,HD29859,6155,3.89,0.03,0.08,0.19,0.11,0.03
21988,HD29883,4952,4.61,-0.23,-0.11,-0.12,-0.18,-0.22
22263,HD30495,5759,4.39,-0.14,-0.03,-0.04,0.01,-0.09
22319,HD30508,5206,3.79,-0.2,-0.14,-0.16,-0.08,-0.12
22336,HD30562,5937,4.23,0.23,0.22,0.28,0.26,0.27
22429,HD30339,6074,4.37,0.35,0.25,0.24,0.26,0.3
22449,HD30652,6424,4.29,0.01,0.01,0.02,0.03,-0.05
22451,HD30876,5061,4.63,-0.16,-0.07,-0.11,-0.06,-0.14
22576,HD30708,5766,4.36,0.2,0.17,0.19,0.19,0.2
22596,HD30649,5778,4.44,-0.43,-0.3,-0.21,-0.49,-0.48
22633,HD30825,5176,3.71,-0.22,-0.25,-0.1,-0.17,-0.2
22650,HD30736,6160,3.92,0.47,0.33,0.25,0.36,0.27
22826,HD31253,6065,4.10,0.12,0.13,0.19,0.16,0.15
22905,HD31527,5879,4.39,-0.17,-0.13,-0.15,-0.19,-0.21
22907,HD31560,4744,4.88,0.08,0.19,0.02,0.14,0.15
22919,HD31412,6096,4.37,0,0.04,0.07,0.05,0.02
22953,HD31827,5614,4.39,0.55,0.41,0.33,0.41,0.47
23286,HD31966,5781,4.23,0.05,0.1,0.18,0.13,0.12
23311,HD32147,4827,4.69,0.35,0.23,0.21,0.33,0.35
23437,HD32778,5652,4.55,-0.55,-0.45,-0.44,-0.56,-0.57
23776,HD34297,5507,4.56,-0.53,-0.36,-0.35,-0.65,-0.59
23835,HD32923,5694,4.20,-0.2,-0.11,-0.04,-0.17,-0.19
23852,HD33021,5804,4.31,-0.23,-0.06,0.08,-0.14,-0.15
23884,HD32963,5763,4.43,0.12,0.09,0.08,0.08,0.09
23926,HD33473,5726,3.93,-0.17,-0.1,-0.04,-0.1,-0.14
24110,HD33811,5546,4.43,0.38,0.33,0.23,0.29,0.35
24130,HD33555,4889,3.50,-0.03,-0.07,0.02,0.05,0.05
24162,HD33608,6416,4.08,0.25,0.23,0.19,0.21,0.16
24205,HD33636,5904,4.43,-0.22,-0.09,-0.08,-0.13,-0.19
24332,HD33632,6141,4.43,-0.28,-0.16,-0.13,-0.18,-0.26
24681,HD34445,5837,4.21,0.18,0.12,0.12,0.14,0.14
24786,HD34721,5999,4.25,-0.1,-0.06,-0.02,-0.07,-0.09
24813,HD34411,5911,4.37,0.1,0.11,0.1,0.12,0.11
24864,HD34745,6070,4.29,-0.19,-0.07,-0.05,-0.1,-0.16
25094,HD34575,5651,4.45,0.34,0.29,0.28,0.32,0.31
25388,HD35627,6069,4.24,-0.07,0.02,0.09,0.03,-0.01
25421,HD35854,4948,4.61,-0.05,-0.05,-0.06,-0.04,-0.08
25486,HD35850,6496,5.02,-0.24,0.07,0.61,0.29,0.12
25490,HD35974,5888,3.99,-0.18,-0.15,-0.06,-0.16,-0.2
25580,HD35681,6262,4.20,-0.07,0.06,0.07,0.09,0
25616,HD36108,5892,4.25,-0.3,-0.18,-0.16,-0.21,-0.26
25662,HD35956,5843,4.22,-0.16,-0.13,-0.11,-0.22,-0.18
25873,HD36308,5612,4.82,0.04,0.02,0.15,0.15,0.04
25963,HD36889,5846,4.09,0.23,0.14,0.15,0.16,0.18
26273,HD37213,5453,4.04,-0.5,-0.4,-0.29,-0.44,-0.49
26380,HD38283,5998,4.23,-0.15,-0.11,-0.07,-0.15,-0.18
26381,HD37124,5500,4.60,-0.33,-0.21,-0.18,-0.44,-0.4
26394,HD39091,5950,4.36,0.05,0.07,0.02,0.05,0.05
26505,HD37008,4975,4.55,-0.39,-0.25,-0.23,-0.49,-0.44
26653,HD37216,5364,4.44,-0.17,-0.08,-0.1,-0.05,-0.15
26689,HD37588,6144,4.07,-0.22,-0.14,-0.12,-0.17,-0.24
26737,HD37962,5651,4.41,-0.27,-0.2,-0.22,-0.23,-0.29
26779,HD37394,5351,4.60,0.15,0.07,0.08,0.19,0.14
26935,HD38110,5805,4.24,0.22,0.18,0.15,0.17,0.2
27075,HD38382,6030,4.32,-0.04,0.01,-0.05,0,-0.02
27207,HD38230,5174,4.53,0,0.01,0.01,-0.08,-0.08
27225,HD37006,5549,4.58,-0.15,-0.04,-0.03,0.02,-0.09
27244,HD38973,5995,4.40,0.02,0.05,0.01,0.03,0.01
27253,HD38529,5697,4.05,0.51,0.36,0.36,0.45,0.45
27417,HD38949,6051,4.55,-0.23,-0.08,-0.09,-0.05,-0.15
27435,HD38858,5726,4.51,-0.27,-0.18,-0.22,-0.23,-0.27
27491,HD39213,5457,4.36,0.41,0.36,0.26,0.36,0.41
27641,HD39156,5279,3.86,-0.09,-0.1,-0.01,-0.02,-0.06
27887,HD40307,4827,4.63,-0.35,-0.19,-0.22,-0.28,-0.3
27913,HD39587,5882,4.34,-0.07,0.03,-0.05,-0.01,-0.1
27918,HD39715,4798,4.75,-0.08,0.03,-0.09,-0.04,-0.09
28066,HD39881,5718,4.42,-0.09,-0.02,0.03,-0.13,-0.12
28267,HD40397,5542,4.59,-0.09,-0.02,0.03,-0.1,-0.1
28634,HD40650,5948,4.27,-0.13,-0.09,-0.09,-0.1,-0.13
28767,HD40979,6089,4.30,0.15,0.16,0.12,0.17,0.14
28913,HD42024,6218,4.21,0.23,0.18,0.17,0.18,0.2
29271,HD43834,5587,4.50,0.13,0.1,0.05,0.09,0.1
29349,HD42902,5908,4.23,0.38,0.27,0.23,0.27,0.33
29432,HD42618,5747,4.43,-0.13,-0.09,-0.11,-0.11,-0.13
29650,HD43042,6418,4.15,0.02,0.03,0,0.05,-0.04
29673,HD44447,6022,4.32,-0.24,-0.17,-0.13,-0.21,-0.24
29761,HD42250,5396,4.60,0,0.08,0.08,0.01,-0.01
29788,HD44120,6003,4.19,0.1,0.1,0.09,0.1,0.1
29843,HD43745,6095,4.02,0.13,0.09,0.16,0.13,0.11
29860,HD43587,5892,4.33,-0.06,-0.05,-0.04,-0.04,-0.04
30023,HD43523,6118,4.41,-0.06,0.02,0.03,0.05,-0.02
30067,HD43947,5933,4.37,-0.31,-0.23,-0.2,-0.29,-0.34
30104,HD44594,5844,4.41,0.14,0.16,0.12,0.15,0.16
30243,HD44420,5796,4.35,0.47,0.3,0.23,0.29,0.36
30344,HD44821,5783,4.53,0.03,0.05,0.06,0.11,0.04
30476,HD45289,5737,4.39,-0.03,0.04,0.07,-0.02,-0.01
30480,HD45701,5886,4.28,0.29,0.18,0.13,0.2,0.21
30503,HD45184,5810,4.37,-0.02,0.04,0.01,0.04,-0.01
30545,HD45067,6044,4.08,-0.11,-0.05,0.05,-0.03,-0.09
30552,HD44985,5929,4.29,-0.18,-0.08,-0.07,-0.09,-0.14
30711,HD45588,6168,4.29,-0.07,0.01,0.09,0.04,-0.01
30860,HD45350,5616,4.32,0.27,0.27,0.24,0.29,0.26
30862,HD45391,5624,4.49,-0.41,-0.4,-0.41,-0.5,-0.51
31246,HD46375,5285,4.53,0.36,0.25,0.22,0.24,0.28
31655,HD47157,5733,4.43,0.5,0.35,0.31,0.34,0.41
31660,HD47127,5605,4.38,0.03,0.11,0.1,0.1,0.08
32010,HD47752,4707,4.72,-0.22,-0.01,-0.13,-0.1,-0.15
32322,HD48938,5937,4.31,-0.49,-0.36,-0.29,-0.43,-0.48
32480,HD48682,6064,4.33,0,0.06,0.07,0.12,0.08
32874,HD49736,5961,4.34,-0.08,-0.05,-0.01,-0.07,-0.08
32916,HD49674,5662,4.56,0.29,0.27,0.25,0.31,0.3
32970,HD50499,6070,4.37,0.42,0.32,0.3,0.34,0.37
32984,HD50281,4758,4.92,-0.06,0.11,0.02,0.14,0.08
33094,HD50806,5683,4.35,0.07,0.12,0.17,0.07,0.09
33109,HD50639,6098,4.29,-0.06,-0.02,-0.02,-0.02,-0.05
33212,HD50554,5929,4.29,-0.12,-0.05,-0.05,-0.07,-0.12
33277,HD50692,5891,4.36,-0.2,-0.14,-0.14,-0.18,-0.19
33324,HD51929,5805,4.43,-0.58,-0.4,-0.35,-0.64,-0.63
33382,HD51219,5642,4.46,-0.03,0,0.02,0.01,-0.02
33468,HD52447,6051,4.23,0.32,0.28,0.19,0.24,0.3
33537,HD51419,5637,4.46,-0.44,-0.29,-0.26,-0.4,-0.43
33719,HD52265,6076,4.26,0.19,0.18,0.2,0.19,0.19
33848,HD52456,5109,4.37,0.03,-0.06,-0.09,0.01,0.02
34017,HD52711,5889,4.41,-0.13,-0.1,-0.12,-0.1,-0.15
34065,HD53705,5827,4.44,-0.19,-0.12,-0.07,-0.21,-0.21
34069,HD53706,5245,4.57,-0.23,-0.16,-0.18,-0.28,-0.27
34239,HD53665,6225,4.05,0.11,0.13,0.17,0.17,0.13
34739,HD55720,5486,4.58,-0.26,-0.16,-0.13,-0.3,-0.29
34805,HD56560,5544,4.24,0.07,0.09,0.13,0.05,0.05
34879,HD55693,5869,4.35,0.34,0.25,0.17,0.25,0.29
35139,HD56274,5681,4.47,-0.55,-0.46,-0.46,-0.55,-0.59
35209,HD56303,5895,4.24,0.09,0.12,0.12,0.13,0.13
35265,HD56124,5848,4.46,-0.04,0,-0.01,0.01,-0.02
36210,HD59468,5585,4.44,0.02,0.05,-0.01,0.02,0.02
36249,HD58781,5604,4.45,0.14,0.11,0.08,0.1,0.1
36704,HD59747,5177,4.62,-0.02,0.02,0.03,0.06,-0.03
36827,HD60491,5091,4.63,-0.26,-0.13,-0.18,-0.17,-0.28
37279,HD61421,6543,3.99,0.13,0.01,0.08,0,-0.05
37309,HD61686,5871,4.44,0.42,0.31,0.3,0.3,0.36
37349,HD61606,4964,4.71,-0.02,0.12,-0.04,0.07,-0.01
38179,HD64184,5635,4.55,-0.13,-0.06,-0.02,-0.21,-0.18
38216,HD63754,6096,4.07,0.21,0.18,0.22,0.22,0.22
38228,HD63433,5742,4.56,-0.09,-0.01,0.07,0.07,-0.05
38657,HD64468,4936,4.47,0.19,0.1,0.1,0.07,0.07
38908,HD65907,5949,4.63,-0.23,-0.12,-0.07,-0.34,-0.29
38931,HD65277,4741,4.76,-0.26,-0.02,-0.13,-0.16,-0.18
39064,HD65430,5183,4.55,-0.07,-0.03,-0.01,-0.12,-0.12
39157,HD65583,5279,4.76,-0.58,-0.36,-0.37,-0.69,-0.65
39342,HD67199,5135,4.53,0.05,0.01,-0.02,0.03,0.02
39417,HD66428,5752,4.49,0.41,0.29,0.28,0.31,0.33
39710,HD67458,5838,4.45,-0.32,-0.16,-0.12,-0.19,-0.23
39720,HD67556,6198,4.35,0.26,0.21,0.16,0.19,0.18
39780,HD67228,5862,4.02,0.27,0.16,0.19,0.2,0.23
39822,HD66171,5711,4.41,-0.35,-0.24,-0.23,-0.31,-0.34
40023,HD67767,5344,3.88,-0.04,-0.08,0.06,0.06,-0.01
40118,HD68017,5552,4.65,-0.35,-0.2,-0.17,-0.44,-0.39
40133,HD68168,5724,4.40,0.08,0.1,0.1,0.12,0.11
40283,HD68978,5919,4.43,-0.05,0.01,0,0.02,-0.01
40438,HD69655,5949,4.39,-0.18,-0.16,-0.16,-0.2,-0.21
40506,HD69565,5205,3.68,0,-0.08,0.04,0.05,0.01
40687,HD68988,5960,4.41,0.48,0.34,0.32,0.32,0.39
40693,HD69830,5361,4.46,-0.06,-0.05,-0.08,-0.06,-0.09
40761,HD69809,5817,4.30,0.36,0.28,0.23,0.27,0.31
40843,HD69897,6294,4.25,-0.28,-0.17,-0.18,-0.23,-0.28
40858,HD70110,6023,4.12,0.15,0.17,0.2,0.15,0.18
40952,HD70642,5706,4.43,0.29,0.19,0.13,0.16,0.21
41134,HD70889,6016,4.41,0.01,0.07,0.03,0.09,0.04
41226,HD70843,6208,4.17,0.21,0.17,0.16,0.16,0.16
41254,HD72234,5693,3.89,-0.17,-0.13,-0.09,-0.12,-0.15
41317,HD71334,5716,4.48,-0.12,-0.05,-0.04,-0.06,-0.08
41479,HD71479,5953,4.30,0.26,0.2,0.2,0.21,0.25
41484,HD71148,5818,4.39,-0.04,0,0,0.02,-0.01
41844,HD71881,5822,4.29,0.03,-0.02,-0.07,-0.05,-0.03
41926,HD72673,5243,4.67,-0.35,-0.29,-0.3,-0.37,-0.4
41968,HD72528,6117,4.22,-0.09,0.01,0.02,0.02,-0.05
42011,HD72769,5653,4.40,0.39,0.29,0.24,0.31,0.35
42030,HD72659,5920,4.24,-0.02,-0.01,0.05,0,-0.02
42074,HD72760,5375,4.57,0,0.05,0.09,0.12,0.04
42112,HD72780,6266,4.37,0.05,0.12,0.15,0.15,0.11
42123,HD73121,6055,4.22,0.08,0.08,0.1,0.07,0.07
42282,HD73526,5584,4.16,0.25,0.26,0.27,0.25,0.29
42291,HD73524,5959,4.41,0.03,0.13,0.1,0.12,0.1
42333,HD73350,5802,4.48,0.02,0.06,0.07,0.12,0.05
42403,HD73344,6173,4.41,0.14,0.14,0.13,0.13,0.13
42488,HD73668,5941,4.41,-0.07,0,0,0,-0.04
42499,HD73667,4990,4.65,-0.44,-0.29,-0.28,-0.57,-0.52
42634,HD74014,5605,4.43,0.31,0.24,0.22,0.26,0.27
42723,HD74156,6068,4.26,0.11,0.1,0.14,0.13,0.13
42922,HD74868,6176,4.27,0.29,0.26,0.21,0.24,0.26
43177,HD75289,6095,4.33,0.14,0.22,0.19,0.22,0.22
43297,HD75302,5721,4.49,0.01,0.06,0.07,0.1,0.05
43410,HD75332,6258,4.41,0.03,0.08,0.09,0.14,0.06
43587,HD75732,5235,4.45,0.49,0.33,0.23,0.31,0.37
43634,HD75782,6029,4.06,0.33,0.23,0.27,0.29,0.3
43686,HD76700,5668,4.30,0.35,0.33,0.3,0.35,0.37
43726,HD76151,5790,4.55,0.14,0.1,0.04,0.11,0.09
43852,HD76218,5465,4.72,-0.11,-0.01,0.09,0.07,-0.04
44089,HD76752,5704,4.29,0.05,0.04,0.03,0.03,0.02
44137,HD76909,5740,4.39,0.51,0.36,0.34,0.38,0.43
44458,HD77407,6002,4.46,-0.02,0.02,0.06,0.1,0
44713,HD78429,5724,4.31,0.05,0.08,0.07,0.08,0.05
44897,HD78366,6014,4.54,-0.04,0.03,-0.03,0.08,-0.02
45183,HD80913,5983,4.05,-0.67,-0.57,-0.46,-0.68,-0.76
45621,HD80133,5212,4.59,-0.01,0.06,-0.02,0.08,-0.02
45737,HD80367,5098,4.51,0.05,0.06,0.07,0,0.01
45807,HD80635,5802,4.14,0.55,0.47,0.46,0.5,0.57
45982,HD80606,5573,4.44,0.47,0.32,0.21,0.34,0.36
46046,HD82114,5882,4.10,-0.02,0.02,0.08,0.03,0.03
46388,HD82082,6016,4.41,0.11,0.14,0.16,0.14,0.12
46580,HD82106,4868,4.80,-0.02,0.16,-0.02,0.11,0.01
46639,HD233641,6086,4.09,-0.26,-0.11,0.03,-0.08,-0.17
46816,HD82558,5062,5.12,0.05,0.43,0.08,0.33,0.12
47007,HD82943,5997,4.42,0.28,0.24,0.23,0.27,0.29
47202,HD83443,5453,4.49,0.57,0.39,0.28,0.36,0.44
47225,HD83529,5878,4.34,-0.35,-0.19,-0.15,-0.25,-0.27
47592,HD84117,6152,4.31,-0.09,-0.05,-0.07,-0.07,-0.12
48113,HD84737,5960,4.24,0.16,0.14,0.18,0.17,0.17
48376,HD85683,6126,4.28,-0.09,0.02,-0.03,0.02,-0.05
48423,HD85301,5725,4.62,0.03,0.1,0.15,0.19,0.13
48780,HD86264,6326,4.22,0.17,0.19,0.2,0.26,0.2
49024,HD86819,5988,4.26,-0.03,-0.02,-0.03,-0.05,-0.05
49081,HD86728,5700,4.29,0.31,0.23,-0.04,0.2,0.18
49350,HD87359,5676,4.49,-0.01,0.05,0.04,0.06,0.02
49366,HD87424,5069,4.64,-0.18,-0.04,-0.11,-0.07,-0.2
49680,HD87836,5774,4.31,0.46,0.33,0.32,0.36,0.4
49699,HD87883,4958,4.56,0.14,0.09,0.03,0.07,0.04
49756,HD88072,5751,4.40,0.01,0.01,-0.01,0.01,0.01
49769,HD88218,5837,4.10,-0.17,-0.12,-0.05,-0.14,-0.16
49942,HD88371,5630,4.50,-0.22,-0.09,-0.05,-0.31,-0.27
50075,HD88742,5949,4.41,-0.11,-0.04,-0.11,-0.05,-0.08
50139,HD88725,5581,4.55,-0.6,-0.44,-0.43,-0.7,-0.67
50316,HD88986,5838,4.23,0.03,0.07,0.11,0.09,0.06
50473,HD89307,5898,4.34,-0.19,-0.12,-0.12,-0.16,-0.19
50478,HD89391,4976,3.59,-0.11,-0.15,0.08,-0.09,-0.08
50505,HD89269,5586,4.44,-0.21,-0.15,-0.18,-0.2,-0.22
50786,HD89744,6291,4.07,0.26,0.22,0.29,0.26,0.23
50921,HD90156,5626,4.63,-0.29,-0.16,-0.17,-0.21,-0.25
50939,HD90125,4928,3.16,-0.14,-0.26,0,-0.02,-0.11
51257,HD90711,5466,4.50,0.43,0.28,0.27,0.3,0.32
51258,HD90722,5719,4.31,0.48,0.32,0.3,0.36,0.38
51386,HD90905,6148,4.57,-0.12,-0.01,0.04,0.07,-0.03
51459,HD90839,6126,4.34,-0.12,-0.07,-0.1,-0.07,-0.14
51579,HD91204,5914,4.29,0.31,0.21,0.19,0.21,0.25
51784,HD91638,6069,4.16,-0.32,-0.27,-0.28,-0.32,-0.37
52409,HD92788,5836,4.66,0.35,0.3,0.29,0.32,0.33
52462,HD92945,5183,4.76,-0.07,0.1,0.02,0.13,0
52472,HD92987,5774,4.06,0.06,0.06,0.07,0.05,0.05
52498,HD92855,6140,4.58,-0.33,-0.05,0,0,-0.11
52676,HD93385,5952,4.38,0,0.02,0.02,0.01,-0.01
52888,HD93745,5918,4.12,0.07,0.07,0.09,0.08,0.07
53196,HD94280,6032,4.23,0.05,0.09,0.05,0.08,0.07
53486,HD94765,5091,4.76,0.01,0.17,0.06,0.15,0.05
53721,HD95128,5882,4.38,0.04,0.06,0.03,0.04,0.04
53747,HD95188,5482,4.65,-0.11,-0.07,-0.01,-0.01,-0.1
54287,HD96423,5718,4.45,0.09,0.12,0.08,0.1,0.11
54347,HD96418,6216,4.05,-0.08,-0.02,0.03,0.01,-0.05
54383,HD96574,6044,4.21,-0.11,0.01,0.07,0.04,0
54400,HD96700,5865,4.41,-0.23,-0.14,-0.12,-0.18,-0.22
54582,HD97037,5868,4.34,-0.14,-0.06,-0.04,-0.08,-0.11
54614,HD97004,5617,4.51,0.42,0.29,0.32,0.31,0.34
54704,HD97343,5399,4.56,-0.06,0.03,0.04,-0.04,-0.05
54745,HD97334,5898,4.42,0.12,0.1,-0.01,0.09,0.04
54906,HD97658,5148,4.65,-0.3,-0.22,-0.24,-0.26,-0.32
55013,HD97998,5749,4.62,-0.37,-0.32,-0.33,-0.41,-0.43
55210,HD98281,5419,4.61,-0.24,-0.17,-0.15,-0.2,-0.25
55262,HD98388,6244,4.21,-0.06,0.07,0.08,0.09,0.02
55363,HD98553,6009,4.69,-0.41,-0.31,-0.21,-0.34,-0.39
55455,HD98697,6144,4.05,-0.06,-0.04,0.03,-0.03,-0.07
55459,HD98618,5812,4.42,0,0.03,0.02,0.03,0.02
55508,HD98744,6107,3.90,-0.57,-0.25,-0.12,-0.25,-0.34
55664,HD99109,5272,4.44,0.44,0.33,0.3,0.31,0.35
55846,HD99491,5502,4.58,0.42,0.33,0.28,0.34,0.34
55848,HD99492,4955,4.77,0.37,0.32,0.22,0.36,0.35
55900,HD99610,5706,4.49,0.29,0.21,0.16,0.23,0.23
56242,HD100180,5989,4.38,-0.07,0,-0.01,-0.01,-0.05
56257,HD100167,5915,4.38,-0.02,0.05,0,0.06,0.01
56452,HD100623,5189,4.68,-0.35,-0.29,-0.27,-0.37,-0.4
56809,HD101177,5883,4.37,-0.24,-0.17,-0.16,-0.19,-0.24
56830,HD101259,5067,3.51,-0.72,-0.58,-0.36,-0.69,-0.69
56960,HD101472,6191,4.43,-0.25,-0.08,-0.04,-0.03,-0.15
56997,HD101501,5488,4.43,-0.08,-0.06,-0.12,-0.03,-0.13
57217,HD101959,6049,4.39,-0.22,-0.11,-0.1,-0.11,-0.2
57271,HD102071,5279,4.53,-0.04,0.01,-0.05,0.01,0
57291,HD102117,5695,4.37,0.34,0.29,0.27,0.3,0.33
57349,HD102158,5725,4.49,-0.35,-0.21,-0.13,-0.47,-0.41
57443,HD102365,5630,4.57,-0.31,-0.21,-0.21,-0.33,-0.33
57488,HD102357,6222,4.33,-0.22,-0.1,-0.12,-0.06,-0.16
57507,HD102438,5558,4.52,-0.25,-0.19,-0.22,-0.28,-0.29
57629,HD102634,6215,4.10,0.29,0.2,0.17,0.18,0.18
57757,HD102870,6161,4.22,0.19,0.14,0.17,0.18,0.19
57939,HD103095,4950,4.65,-1.78,-1.21,-1.04,-1.37,-1.47
58067,HD103432,5641,4.52,-0.16,-0.12,-0.11,-0.12,-0.17
58318,HD103829,5750,4.36,0.15,0.11,0.09,0.12,0.13
58451,HD104067,4956,4.65,0.11,0.13,0.04,0.1,0.06
58576,HD104304,5565,4.56,0.41,0.27,0.19,0.27,0.34
58708,HD104556,5051,3.79,-0.31,-0.28,-0.06,-0.38,-0.35
58843,HD104800,5626,4.53,-0.81,-0.54,-0.51,-0.82,-0.83
59021,HD105113,5922,3.97,-0.11,-0.11,-0.01,-0.09,-0.12
59143,HD105328,5977,4.27,0.16,0.16,0.15,0.16,0.17
59175,HD105405,6145,4.23,-0.24,-0.18,-0.18,-0.21,-0.29
59280,HD105631,5462,4.57,0.16,0.13,0.16,0.2,0.15
59532,HD106116,5681,4.42,0.18,0.13,0.11,0.13,0.14
59572,HD106156,5492,4.58,0.26,0.19,0.21,0.23,0.22
59610,HD106252,5870,4.36,-0.07,-0.07,-0.05,-0.08,-0.09
59690,HD106423,6015,4.31,0.44,0.35,0.31,0.35,0.38
59707,HD106453,5669,4.49,0.07,0.06,0.07,0.1,0.06
60074,HD107146,5882,4.47,-0.18,-0.07,-0.03,-0.03,-0.13
60081,HD107148,5797,4.45,0.4,0.3,0.26,0.31,0.35
60098,HD107213,6274,4.06,0.29,0.25,0.29,0.28,0.26
60353,HD107705,6130,4.32,0.04,0.11,0.08,0.13,0.09
60370,HD107692,5867,4.44,0.08,0.13,0.09,0.15,0.13
60644,HD108147,6156,4.29,0,0.1,0.04,0.09,0.06
60729,HD108309,5778,4.26,0.15,0.12,0.09,0.13,0.13
60816,HD108510,6108,4.57,-0.05,0.05,0.02,0.04,0.01
61028,HD108874,5551,4.35,0.19,0.16,0.15,0.18,0.19
61291,HD109200,5098,4.57,-0.32,-0.25,-0.22,-0.3,-0.33
61317,HD109358,5930,4.44,-0.12,-0.15,-0.14,-0.16,-0.19
62039,HD110537,5752,4.40,0.12,0.11,0.11,0.12,0.11
62229,HD110810,5005,4.59,-0.04,0.01,-0.04,0.07,-0.02
62345,HD111031,5806,4.38,0.39,0.26,0.27,0.28,0.32
62349,HD111066,6105,4.12,-0.05,-0.04,-0.01,-0.04,-0.07
62523,HD111395,5654,4.55,0.03,0.07,0.05,0.13,0.04
62536,HD111398,5714,4.29,0.05,0.08,0.11,0.08,0.08
62596,HD111484,5984,4.34,-0.24,-0.04,-0.1,0,-0.12
62607,HD111515,5399,4.62,-0.52,-0.38,-0.36,-0.6,-0.57
62904,HD112060,5491,3.96,0.21,0.14,0.22,0.24,0.23
63048,HD112257,5697,4.45,-0.03,0.04,0.07,-0.03,-0.02
63406,HD112914,4861,4.62,-0.33,-0.27,-0.23,-0.31,-0.34
64150,HD114174,5781,4.51,0.09,0.07,0.08,0.07,0.05
64219,HD114260,5509,4.49,-0.07,-0.06,-0.1,-0.09,-0.11
64295,HD114386,4820,4.71,-0.07,0.06,-0.01,0,0.03
64394,HD114710,6075,4.57,-0.03,0.03,0.04,0.07,0.03
64408,HD114613,5782,4.09,0.3,0.19,0.21,0.24,0.27
64426,HD114762,5953,4.54,-0.55,-0.42,-0.36,-0.65,-0.69
64457,HD114783,5135,4.53,0.21,0.09,0.11,0.12,0.1
64459,HD114729,5821,4.14,-0.33,-0.21,-0.08,-0.26,-0.3
64550,HD114853,5691,4.49,-0.32,-0.19,-0.19,-0.25,-0.29
64577,HD114946,5114,3.54,-0.23,-0.31,-0.14,-0.21,-0.24
64792,HD115383,6234,4.60,0.29,0.21,0.25,0.28,0.25
64905,HD115589,5259,4.55,0.27,0.22,0.2,0.22,0.22
64924,HD115617,5571,4.47,0.08,0.01,-0.06,0.05,-0.01
65036,HD115585,5679,4.25,0.45,0.32,0.28,0.34,0.38
65352,HD116442,5182,4.56,-0.41,-0.31,-0.29,-0.4,-0.44
65355,HD116443,5038,4.58,-0.4,-0.3,-0.27,-0.38,-0.42
65708,HD117126,5758,4.34,-0.04,0.01,0.05,-0.03,-0.04
65721,HD117176,5545,4.07,0,0.01,-0.02,-0.01,-0.04
65737,HD117105,5870,4.36,-0.31,-0.2,-0.19,-0.29,-0.32
65808,HD117207,5724,4.51,0.3,0.21,0.24,0.27,0.26
66047,HD117618,5964,4.35,0.02,0.03,0.02,0,0
66147,HD117936,4834,4.84,0.16,0.21,0.07,0.2,0.17
66238,HD117939,5671,4.46,-0.24,-0.13,-0.13,-0.21,-0.23
66618,HD118475,5898,4.36,0.18,0.12,0.06,0.1,0.09
66621,HD118914,5728,4.30,0.17,0.13,0.1,0.15,0.17
66765,HD118972,5191,4.54,-0.11,-0.03,-0.08,0,-0.08
67246,HD120066,5873,4.23,0,0.11,0.21,0.11,0.12
67275,HD120136,6387,4.26,0.27,0.24,0.12,0.23,0.2
67408,HD120237,6127,4.42,-0.03,0,-0.02,-0.03,-0.03
67422,HD120476,4729,5.09,-0.2,0.1,-0.08,-0.18,-0.04
67620,HD120690,5751,4.52,-0.03,0.01,0,0.05,0.01
67742,HD120780,5008,4.53,-0.29,-0.24,-0.26,-0.26,-0.29
67904,HD121320,5548,4.54,-0.34,-0.22,-0.22,-0.25,-0.32
68030,HD121560,6027,4.27,-0.42,-0.35,-0.35,-0.42,-0.48
68101,HD121384,5276,3.80,-0.41,-0.42,-0.31,-0.41,-0.43
68184,HD122064,4757,4.58,0.22,0.17,0,0.18,0.23
68593,HD122652,6093,4.24,-0.07,-0.01,-0.02,0,-0.06
68634,HD122676,5593,4.56,-0.06,0.01,-0.05,-0.02,-0.04
68682,HD122742,5508,4.49,0.03,0.01,-0.08,0.01,0
69090,HD122862,5957,4.13,-0.14,-0.1,-0.09,-0.13,-0.15
69340,HD124115,6579,4.69,-0.11,0.18,0.08,0.23,0.19
69357,HD124106,5117,4.58,-0.16,-0.1,-0.1,-0.1,-0.19
69414,HD124292,5501,4.65,-0.06,-0.05,-0.06,-0.08,-0.1
69518,HD124694,6175,4.34,-0.07,0.01,-0.05,0.04,-0.06
69751,HD125040,6296,4.26,-0.1,0.01,-0.03,0.04,-0.19
69796,HD124584,5933,4.21,-0.04,-0.03,-0.05,-0.06,-0.07
69881,HD125184,5691,4.16,0.3,0.24,0.28,0.32,0.31
69972,HD125072,4903,4.69,0.43,0.3,0.16,0.32,0.36
70016,HD125455,5109,4.53,-0.15,-0.15,-0.13,-0.18,-0.21
70319,HD126053,5640,4.52,-0.37,-0.25,-0.27,-0.35,-0.37
70459,HD125881,6004,4.38,0.03,0.04,0.01,0.05,0.02
70623,HD126614,5594,4.44,0.71,0.52,0.49,0.56,0.61
70782,HD126961,6147,4.28,0.04,0.11,0.07,0.11,0.07
70873,HD127334,5744,4.37,0.32,0.23,0.2,0.27,0.28
71181,HD128165,4809,4.67,0.01,0.07,-0.07,0,-0.02
71284,HD128167,6566,4.19,-0.44,-0.35,-0.39,-0.43,-0.55
71395,HD128311,4965,4.83,0.08,0.27,0.07,0.2,0.17
71462,HD128428,5739,4.34,0.64,0.4,0.44,0.47,0.51
71631,HD129333,5845,4.47,-0.04,-0.04,0.15,0.16,-0.04
71681,HD128621,5178,4.56,0.29,0.23,0.12,0.23,0.25
71683,HD128620,5801,4.33,0.31,0.23,0.18,0.21,0.26
71735,HD128674,5534,4.54,-0.36,-0.28,-0.3,-0.39,-0.4
71774,HD129010,6052,4.01,0.03,0.08,0.18,0.1,0.07
71803,HD129191,5817,4.41,0.37,0.25,0.18,0.24,0.28
72043,HD129814,5844,4.41,0.01,0.01,0.03,0,-0.02
72048,HD129060,6127,4.29,-0.01,0.02,-0.03,0.07,-0.03
72190,HD130087,6057,4.27,0.39,0.28,0.26,0.28,0.33
72312,HD130307,5024,4.62,-0.23,-0.11,-0.16,-0.16,-0.23
72339,HD130322,5308,4.41,-0.02,0,-0.11,0.01,-0.04
72567,HD130948,6059,4.58,-0.1,0,-0.01,0.05,-0.04
72577,HD130871,4878,4.71,-0.18,-0.06,-0.14,-0.16,-0.2
72659,HD131156A,5570,4.65,-0.17,-0.12,-0.1,-0.04,-0.17
72688,HD130992,4833,4.70,-0.04,0.06,-0.05,-0.01,-0.05
72772,HD131117,5973,4.06,0.15,0.11,0.19,0.14,0.14
72830,HD131509,5112,3.84,-0.14,-0.19,-0.02,-0.11,-0.15
72848,HD131511,5335,4.60,0.09,0.14,0.04,0.17,0.12
73005,HD132142,5122,4.60,-0.33,-0.2,-0.22,-0.45,-0.4
73184,HD131977,4744,4.76,0.14,0.02,0.1,0.12,0.1
73241,HD131923,5702,4.44,0.09,0.1,0.13,0.11,0.1
73269,HD132173,6254,4.50,-0.11,-0.02,0,0.05,-0.05
73309,HD132375,6202,4.08,0.02,0.07,0.07,0.07,0.02
73593,HD133161,5959,4.24,0.3,0.22,0.15,0.21,0.24
73754,HD133295,6089,4.43,-0.21,-0.06,-0.01,0.01,-0.13
73869,HD134319,5662,4.52,-0.22,-0.04,-0.2,0.03,-0.16
73941,HD134044,6148,4.23,0.01,0.06,0.04,0.05,0.03
73996,HD134083,6435,4.19,0.18,0,-0.14,-0.02,-0.37
74234,HD134440,4796,4.64,-1.92,-1.42,-1.21,-1.41,-1.6
74235,HD134439,4896,4.55,-2,-1.59,-1.3,-1.48,-1.68
74268,HD134331,5943,4.38,0.07,0.08,0.06,0.08,0.07
74271,HD134330,5658,4.55,0.07,0.09,0.07,0.13,0.1
74273,HD134060,5914,4.37,0.1,0.1,0.08,0.09,0.1
74432,HD135101,5705,4.36,0.05,0.11,0.18,0.08,0.09
74500,HD134987,5750,4.35,0.4,0.28,0.23,0.28,0.33
74653,HD134606,5648,4.41,0.4,0.3,0.25,0.29,0.33
74702,HD135599,5221,4.46,-0.14,-0.1,-0.09,-0.05,-0.15
74948,HD136118,6097,4.05,-0.11,-0.05,-0.02,-0.05,-0.12
75039,HD136580,6227,4.22,-0.13,-0.09,-0.11,-0.11,-0.15
75101,HD136442,4889,3.91,0.48,0.31,0.27,0.43,0.42
75104,HD136654,6235,4.12,0.01,0.09,0.03,0.09,0.02
75158,HD136544,6351,4.19,0.19,0.16,0.13,0.17,0.14
75181,HD136352,5672,4.58,-0.27,-0.16,-0.14,-0.34,-0.32
75253,HD136713,4981,4.62,0.4,0.24,0.15,0.22,0.24
75266,HD136834,4994,4.58,0.45,0.27,0.14,0.28,0.26
75277,HD136923,5379,4.58,-0.08,-0.07,-0.07,-0.07,-0.12
75281,HD136925,5717,4.51,-0.22,-0.1,-0.02,-0.29,-0.26
75535,HD137510,5966,3.99,0.5,0.35,0.3,0.37,0.41
75676,HD138004,5742,4.49,-0.12,-0.07,-0.06,-0.09,-0.14
75722,HD137778,5185,4.60,0.36,0.21,0.16,0.28,0.24
75762,HD137812,5303,4.14,-0.08,-0.05,0.08,0.04,-0.01
75829,HD139813,5491,4.71,-0.02,0.03,0.11,0.14,0.03
76114,HD138573,5722,4.45,-0.02,-0.01,-0.05,-0.03,-0.04
76200,HD138549,5534,4.43,0.04,0.01,-0.03,0,0
76228,HD138776,5681,4.31,0.5,0.35,0.3,0.38,0.43
76315,HD139477,4714,4.88,-0.12,0.17,-0.05,0.11,0.05
76375,HD139323,5099,4.65,0.45,0.35,0.24,0.37,0.37
76398,HD139324,5935,4.26,0.19,0.13,0.12,0.15,0.17
76543,HD139457,5957,3.99,-0.5,-0.4,-0.32,-0.48,-0.55
77052,HD140538,5653,4.44,-0.04,0.06,0.08,0.08,0.03
77152,HD140913,6048,4.57,-0.02,0.06,0.06,0.13,0.05
77257,HD141004,5936,4.30,0.08,0.08,0.02,0.05,0.02
77325,HD140785,5771,4.13,-0.09,-0.04,-0.01,-0.01,-0.05
77335,HD141103,6087,4.01,-0.32,-0.26,-0.25,-0.31,-0.38
77358,HD140901,5627,4.53,0.11,0.09,0.07,0.1,0.1
77740,HD141937,5847,4.42,0.04,0.1,0.09,0.13,0.1
77760,HD142373,5861,4.14,-0.53,-0.33,-0.26,-0.44,-0.51
77801,HD142267,5756,4.48,-0.48,-0.35,-0.35,-0.43,-0.48
77810,HD142229,5930,4.50,-0.09,-0.02,0.05,0.05,-0.05
78072,HD142860,6262,4.18,-0.09,-0.11,-0.14,-0.18,-0.21
78169,HD142415,5902,4.38,0.01,0.08,0.04,0.09,0.04
78241,HD143291,5221,4.55,-0.45,-0.32,-0.32,-0.44,-0.47
78330,HD143114,5869,4.57,-0.32,-0.2,-0.12,-0.38,-0.36
78459,HD143761,5823,4.36,-0.23,-0.09,-0.06,-0.2,-0.21
78775,HD144579,5214,4.71,-0.57,-0.36,-0.39,-0.69,-0.62
78955,HD144585,5854,4.33,0.36,0.3,0.32,0.31,0.35
79143,HD144009,5595,4.48,0.05,0.07,0.02,0.06,0.06
79152,HD145435,6110,4.15,-0.01,0.04,0.01,0.03,-0.01
79165,HD145229,5885,4.37,-0.25,-0.19,-0.21,-0.16,-0.28
79190,HD144628,5021,4.54,-0.41,-0.32,-0.28,-0.41,-0.42
79214,HD144988,5862,3.86,-0.22,-0.19,-0.06,-0.18,-0.22
79248,HD145675,5388,4.52,0.62,0.42,0.4,0.46,0.49
79492,HD145958,5436,4.55,-0.07,-0.02,-0.05,-0.03,-0.06
79524,HD145809,5780,4.16,-0.29,-0.22,-0.09,-0.24,-0.29
79578,HD145825,5803,4.49,-0.01,0.04,0.01,0.03,0.02
79619,HD147231,5636,4.51,0.01,0.05,0.07,0,-0.01
79672,HD146233,5791,4.41,0.01,0.03,0.03,0.03,0.01
79862,HD147044,5884,4.40,-0.05,-0.02,-0.03,-0.01,-0.05
79946,HD146775,5806,4.33,-0.08,-0.09,-0.12,-0.1,-0.11
79967,HD146481,5675,4.24,-0.39,-0.26,-0.11,-0.44,-0.4
80218,HD147512,5519,4.48,-0.01,-0.03,-0.05,-0.06,-0.07
80337,HD147513,5930,4.61,-0.12,0.01,0.15,0.09,0.01
80366,HD147776,4880,4.72,-0.32,-0.17,-0.21,-0.29,-0.36
80399,HD147722,5971,4.28,0.09,0.11,0.09,0.11,0.11
80687,HD148427,5035,3.61,0.08,-0.03,0.07,0.17,0.15
81062,HD149200,6203,4.16,-0.05,0.09,0.15,0.11,0.07
81279,HD149652,6321,4.23,-0.06,-0.05,-0.03,-0.06,-0.11
81300,HD149661,5277,4.57,0.07,0.04,0.03,0.07,0.02
81347,HD149724,5738,4.29,0.53,0.38,0.38,0.41,0.45
81375,HD149806,5359,4.54,0.29,0.19,0.15,0.21,0.22
81520,HD149612,5726,4.62,-0.45,-0.37,-0.36,-0.45,-0.47
81662,HD150554,6010,4.29,-0.14,0,-0.05,0,-0.06
81681,HD150433,5649,4.56,-0.3,-0.16,-0.09,-0.38,-0.33
81746,HD150248,5694,4.45,-0.12,-0.04,-0.08,-0.11,-0.11
81767,HD150437,5811,4.30,0.42,0.29,0.26,0.3,0.36
81800,HD151044,6096,4.30,-0.07,-0.01,-0.05,0.01,-0.04
81813,HD151541,5332,4.57,-0.22,-0.16,-0.16,-0.19,-0.22
81819,HD150474,5459,4.13,-0.04,0.01,0.06,0.05,0.02
81880,HD150933,6114,4.26,0.21,0.15,0.15,0.15,0.17
81910,HD150698,5878,4.12,0.28,0.2,0.21,0.24,0.25
81991,HD151090,5060,3.86,-0.28,-0.24,-0.07,-0.2,-0.24
82267,HD151877,5212,4.54,-0.12,-0.14,-0.13,-0.14,-0.18
82302,HD151337,5056,3.71,-0.05,-0.12,-0.02,-0.02,-0.02
82389,HD151995,4832,4.72,0.13,0.15,0.02,0.04,0
82568,HD152446,6216,4.12,-0.11,-0.06,-0.01,-0.07,-0.14
82588,HD152391,5479,4.57,-0.06,-0.03,0,0.04,-0.07
82636,HD152792,5698,4.03,-0.33,-0.26,-0.15,-0.31,-0.34
82688,HD152555,5967,4.46,-0.26,-0.02,-0.04,0.05,-0.07
83181,HD153458,5907,4.59,0.09,0.1,0.13,0.16,0.1
83204,HD153627,5943,4.34,-0.29,-0.22,-0.2,-0.29,-0.33
83229,HD153075,5781,4.48,-0.43,-0.29,-0.21,-0.55,-0.5
83389,HD154345,5468,4.54,-0.1,-0.1,-0.13,-0.1,-0.14
83435,HD154160,5650,4.12,0.51,0.35,0.37,0.43,0.47
83541,HD154088,5409,4.46,0.43,0.29,0.27,0.31,0.34
83601,HD154417,5989,4.30,-0.05,0,-0.02,0.04,-0.05
83827,HD155060,6009,4.37,-0.13,-0.09,-0.09,-0.11,-0.16
83906,HD154962,5784,4.10,0.48,0.3,0.28,0.33,0.39
83990,HD154577,4881,4.61,-0.67,-0.54,-0.55,-0.69,-0.68
84069,HD154857,5606,3.99,-0.24,-0.19,-0.15,-0.22,-0.23
84082,HD155423,6210,4.22,0.42,0.29,0.29,0.32,0.33
84489,HD155974,6275,4.19,-0.22,-0.12,-0.12,-0.17,-0.25
84636,HD156365,5856,4.09,0.43,0.27,0.28,0.29,0.34
84720,HD156274,5256,4.61,-0.35,-0.24,-0.23,-0.34,-0.35
84801,HD156826,5249,3.79,-0.18,-0.24,-0.04,-0.13,-0.17
84862,HD157214,5697,4.50,-0.27,-0.11,-0.12,-0.36,-0.32
84988,HD155918,5752,4.61,-0.53,-0.37,-0.32,-0.64,-0.61
85007,HD157466,5962,4.31,-0.44,-0.4,-0.38,-0.42,-0.49
85017,HD157172,5490,4.53,0.16,0.15,0.16,0.17,0.16
85042,HD157347,5714,4.50,0.02,-0.04,0.03,0.03,0.04
85158,HD157338,5961,4.28,-0.09,-0.07,-0.1,-0.08,-0.13
85235,HD158633,5302,4.66,-0.41,-0.34,-0.35,-0.4,-0.45
85397,HD157968,6320,4.09,0.23,0.17,0.19,0.17,0.14
85799,HD159063,6215,4.18,0.21,0.21,0.22,0.22,0.19
85810,HD159222,5743,4.26,0.08,0.1,0.03,0.1,0.1
85969,HD158783,5804,4.20,0.14,0.1,0.12,0.13,0.12
86193,HD159909,5723,4.40,0.06,0.07,0.1,0.08,0.06
86375,HD159868,5623,4.05,-0.01,-0.02,0.02,0,-0.01
86431,HD160693,5820,4.51,-0.43,-0.34,-0.23,-0.5,-0.52
86540,HD161897,5623,4.58,-0.04,-0.01,0.02,0.03,-0.02
86796,HD160691,5784,4.30,0.4,0.28,0.26,0.29,0.34
86974,HD161797A,5597,4.10,0.33,0.27,0.22,0.3,0.32
86985,HD161555,5820,4.06,0.17,0.11,0.14,0.13,0.14
87089,HD161848,5075,4.59,-0.29,-0.2,-0.2,-0.39,-0.36
87100,HD161050,5980,4.14,-0.05,-0.03,0,-0.05,-0.07
87116,HD161612,5600,4.52,0.14,0.17,0.11,0.14,0.14
87330,HD162020,4845,4.90,-0.13,0.04,-0.01,0.11,0.05
87370,HD162255,5835,4.25,0.18,0.11,0.09,0.1,0.13
87382,HD162826,6162,4.29,0.02,0.03,0.06,0.03,0
87678,HD163102,6206,4.17,-0.09,0.01,0.01,-0.03,-0.09
87710,HD163153,5744,4.35,0.59,0.4,0.44,0.49,0.51
87824,HD163272,5945,4.22,0.26,0.24,0.14,0.23,0.26
88194,HD164595,5745,4.50,-0.08,-0.03,-0.04,-0.06,-0.08
88217,HD164507,5647,3.93,0.16,0.1,0.21,0.19,0.18
88348,HD164922,5385,4.51,0.17,0.16,0.21,0.17,0.15
88531,HD164427,5954,4.28,0.18,0.12,0.1,0.13,0.15
88533,HD165567,6258,3.99,0.05,0.02,0.05,0.06,-0.03
88683,HD165269,6047,4.09,0.4,0.27,0.23,0.27,0.3
88945,HD166435,5843,4.44,-0.05,-0.04,0.01,0.04,-0.09
88972,HD166620,5000,4.47,-0.09,-0.13,-0.07,-0.18,-0.19
89269,HD166553,5960,4.17,0.07,0.02,0.07,0.04,0.02
89270,HD167215,6088,4.08,-0.42,-0.27,-0.21,-0.3,-0.4
89282,HD167389,5911,4.47,-0.09,0,0,0.02,-0.06
89474,HD168009,5767,4.31,0.03,0,-0.07,0,0
89620,HD167665,6115,4.22,-0.18,-0.12,-0.09,-0.17,-0.2
89844,HD168443,5580,4.25,0.07,0.1,0.12,0.08,0.08
89855,HD168060,5620,4.18,0.27,0.26,0.25,0.28,0.31
89962,HD168723,4975,3.29,-0.1,-0.22,-0.1,-0.05,-0.09
90004,HD168746,5564,4.52,-0.07,0.03,0.08,-0.08,-0.07
90223,HD168871,5964,4.37,-0.1,-0.06,-0.05,-0.09,-0.11
90355,HD169822,5592,4.44,-0.1,-0.1,-0.02,-0.12,-0.16
90397,HD169586,6214,4.13,0.41,0.25,0.14,0.23,0.27
90485,HD169830,6221,4.06,0.06,0.11,0.2,0.15,0.09
90586,HD170778,5912,4.37,-0.14,-0.05,-0.03,0,-0.1
90593,HD170469,5811,4.39,0.4,0.3,0.29,0.3,0.35
90656,HD170493,4770,4.79,0.38,0.27,0.17,0.35,0.37
90729,HD170829,5398,3.93,0.06,0.05,0.08,0.13,0.1
90790,HD170657,5103,4.61,-0.16,-0.13,-0.14,-0.15,-0.22
90864,HD171067,5643,4.5,-0.06,-0.04,-0.05,-0.03,-0.06
91287,HD171665,5651,4.48,-0.06,-0.04,-0.03,-0.04,-0.07
91332,HD171918,5775,4.28,0.2,0.18,0.23,0.22,0.23
91381,HD172310,5414,4.6,-0.37,-0.32,-0.34,-0.42,-0.43
91438,HD172051,5564,4.5,-0.28,-0.2,-0.23,-0.26,-0.3
91507,HD172649,6236,4.41,-0.17,-0.05,-0.04,-0.03,-0.15
91700,HD172513,5531,4.51,-0.09,-0.03,-0.02,-0.01,-0.06
91949,HD173701,5399,4.53,0.52,0.32,0.27,0.32,0.36
92043,HD173667,6423,3.98,0.06,0.03,-0.06,0.03,-0.06
92283,HD174080,4750,4.84,0.05,0.18,0.04,0.22,0.18
92418,HD174457,5852,4.08,-0.19,-0.18,-0.06,-0.18,-0.23
92532,HD174912,5861,4.45,-0.43,-0.39,-0.4,-0.48,-0.51
92882,HD175317,6362,3.99,0.01,0.02,-0.03,0.03,-0.06
92895,HD175541,5055,3.52,-0.16,-0.19,-0.08,-0.07,-0.12
92918,HD175518,5577,4.42,0.34,0.24,0.22,0.29,0.27
92929,HD175345,6125,4.31,-0.14,-0.06,-0.12,-0.09,-0.14
92984,HD175726,5998,4.41,-0.22,-0.11,-0.09,-0.07,-0.2
93185,HD176377,5788,4.4,-0.31,-0.23,-0.22,-0.27,-0.33
93341,HD230409,5385,4.92,-0.78,-0.55,-0.52,-0.86,-0.81
93427,HD177153,5993,4.2,-0.06,-0.04,-0.03,-0.05,-0.1
93518,HD176982,5524,3.96,-0.12,-0.13,-0.04,-0.1,-0.12
93746,HD177830,4949,4.03,0.59,0.4,0.34,0.55,0.61
93858,HD177565,5648,4.49,0.11,0.1,0.06,0.09,0.1
94336,HD179957,5676,4.34,-0.03,0.01,-0.01,-0.02,-0.02
94570,HD179140,5884,4.11,0.19,0.08,0.16,0.12,0.11
94615,HD230999,5665,4.53,0.06,0.12,0.18,0.15,0.1
94645,HD179949,6168,4.34,0.1,0.13,0.08,0.14,0.11
94751,HD180684,6090,4.07,0.05,0.04,0.12,0.05,0.01
94905,HD181144,6152,4.28,-0.15,-0.13,-0.15,-0.14,-0.22
94981,HD181655,5701,4.50,-0.02,0.04,0.02,0.06,0.02
95015,HD181234,5354,4.47,0.41,0.37,0.33,0.36,0.37
95164,HD181428,6047,4.20,0.01,0.02,0.04,0.03,0
95319,HD182488,5453,4.67,0.26,0.19,0.17,0.22,0.2
95447,HD182572,5656,4.32,0.52,0.38,0.38,0.4,0.43
95740,HD183263,5936,4.40,0.33,0.27,0.28,0.3,0.33
95772,HD183341,5926,4.33,0.01,0.05,0.02,0.05,0.03
95821,HD183650,5713,4.24,0.43,0.29,0.31,0.31,0.36
95962,HD183658,5798,4.42,0.08,0.05,0.03,0.05,0.05
96085,HD183870,5067,4.69,-0.04,0.08,-0.04,0.05,-0.05
96100,HD185144,5246,4.53,-0.21,-0.19,-0.19,-0.19,-0.22
96124,HD183877,5618,4.59,-0.13,-0.05,-0.05,-0.2,-0.18
96183,HD184385,5586,4.53,0.1,0.09,0.08,0.15,0.09
96441,HD185395,6594,4.04,-0.12,-0.05,-0.13,-0.08,-0.16
96471,HD184860,4916,4.54,0.02,-0.01,-0.05,-0.04,-0.08
96536,HD184985,6333,4.11,0.05,0.05,0.13,0.09,0.02
96813,HD185720,6304,4.36,0.3,0.27,0.3,0.24,0.23
96895,HD186408,5781,4.34,0.13,0.11,0.06,0.1,0.1
96901,HD186427,5674,4.35,0.08,0.08,0,0.04,0.04
97336,HD187123,5815,4.36,0.13,0.1,0.11,0.12,0.13
97420,HD187237,5831,4.49,-0.04,0.07,0.08,0.07,0.02
97546,HD187085,6075,4.28,0.05,0.08,0.08,0.09,0.07
97675,HD187691,6139,4.25,0.1,0.16,0.17,0.16,0.14
97767,HD187923,5726,4.28,-0.12,-0.05,0.04,-0.13,-0.13
97769,HD188015,5746,4.44,0.42,0.27,0.25,0.29,0.33
97779,HD187897,5835,4.30,0.06,0.07,0.04,0.1,0.04
98020,HD188510,5171,4.35,-1.99,-1.58,-1.47,-1.64,-1.89
98036,HD188512,5163,3.79,-0.15,-0.18,-0.13,-0.1,-0.15
98206,HD189067,5868,4.25,-0.06,0,0.03,-0.02,-0.03
98222,HD188641,5885,4.07,-0.15,-0.11,-0.01,-0.08,-0.11
98589,HD189625,5822,4.44,0.15,0.16,0.12,0.18,0.17
98677,HD190067,5356,4.61,-0.36,-0.26,-0.27,-0.37,-0.37
98714,HD190228,5348,3.98,-0.24,-0.22,-0.12,-0.18,-0.23
98767,HD190360,5552,4.38,0.25,0.24,0.2,0.21,0.23
98792,HD190404,4973,4.64,-0.58,-0.37,-0.35,-0.66,-0.6
98819,HD190406,5932,4.45,-0.01,0.05,0.01,0.05,0.01
98921,HD190771,5713,4.45,0.11,0.12,0.11,0.17,0.14
98959,HD189567,5829,4.21,-0.25,-0.16,-0.16,-0.23,-0.27
98978,HD191022,5590,4.31,0.14,0.08,0.11,0.09,0.1
99240,HD190248,5140,4.60,0.43,0.31,0.25,0.33,0.36
99452,HD191785,4922,4.58,-0.05,0.03,-0.01,-0.15,-0.12
99461,HD191408,5194,4.57,-0.48,-0.35,-0.26,-0.56,-0.52
99711,HD192263,4975,4.60,0,0.07,-0.02,0.05,-0.02
99727,HD192343,5839,4.34,0.28,0.22,0.21,0.28,0.27
99729,HD192344,5772,4.22,0.28,0.22,0.25,0.3,0.29
99825,HD192310,5080,4.55,0.06,0.01,-0.03,0.02,0.02
100017,HD193664,5886,4.48,-0.2,-0.11,-0.07,-0.09,-0.15
100072,HD193017,6085,4.32,-0.05,0.02,0.01,0.03,-0.03
100233,HD193193,5954,4.32,-0.06,-0.05,-0.05,-0.07,-0.08
100363,HD193795,5878,4.36,0.24,0.16,0.16,0.19,0.18
100396,HD192865,6153,4.11,0.09,0.11,0.12,0.1,0.07
100412,HD193307,6033,4.22,-0.3,-0.21,-0.13,-0.27,-0.3
100500,HD194035,5762,4.24,0.23,0.19,0.25,0.27,0.24
100568,HD193901,5408,4.14,-1.54,-1.03,-1.12,-1.23,-1.46
100895,HD194766,6089,4.26,-0.2,-0.15,-0.16,-0.18,-0.24
100925,HD194640,5530,4.49,0,-0.01,-0.07,-0.03,-0.03
100970,HD195019,5788,4.23,-0.03,0.04,0.08,0.07,0.03
101059,HD195104,6168,4.34,-0.22,-0.13,-0.11,-0.15,-0.22
101345,HD195564,5699,4.16,0.01,0.05,0.1,0.1,0.06
101597,HD196201,5460,4.57,-0.17,-0.12,-0.14,-0.14,-0.18
101806,HD196050,5892,4.27,0.33,0.25,0.22,0.23,0.28
101875,HD196850,5790,4.37,-0.14,-0.09,-0.08,-0.11,-0.13
101905,HD196390,5863,4.46,-0.05,0.04,0.03,0.06,0.01
101966,HD196885,6185,4.23,0.18,0.2,0.17,0.2,0.18
101983,HD196378,6040,4.02,-0.36,-0.3,-0.19,-0.34,-0.4
101997,HD196761,5419,4.54,-0.26,-0.22,-0.26,-0.28,-0.32
102018,HD196800,5991,4.34,0.2,0.17,0.12,0.16,0.18
102040,HD197076A,5823,4.47,-0.15,-0.07,-0.04,-0.09,-0.13
102128,HD196068,5948,4.38,0.31,0.3,0.29,0.31,0.36
102610,HD198089,5872,4.33,-0.23,-0.13,-0.1,-0.21,-0.24
102642,HD198387,5151,3.84,-0.11,-0.16,0.01,-0.04,-0.09
102791,HD199019,5560,4.60,-0.14,-0.04,-0.02,0.07,-0.08
102970,HD199476,5470,4.61,-0.36,-0.23,-0.24,-0.41,-0.41
103077,HD198802,5767,3.96,0,-0.02,0.06,0.04,0.02
103455,HD199598,6022,4.40,0.02,0.07,0.05,0.07,0.04
103458,HD199288,5796,4.62,-0.52,-0.41,-0.33,-0.63,-0.6
103654,HD199190,5938,4.29,0.21,0.15,0.15,0.15,0.17
103682,HD199960,5962,4.31,0.4,0.26,0.26,0.27,0.33
103983,HD200565,5684,4.37,-0.09,-0.06,-0.05,-0.06,-0.12
104071,HD200538,6037,4.34,0.08,0.09,0.13,0.11,0.11
104075,HD200746,5949,4.50,-0.06,-0.01,0.04,0.04,-0.06
104239,HD200968,5221,4.61,0.04,0.05,0.04,0.11,0.03
104318,HD201219,5653,4.57,0.08,0.12,0.09,0.15,0.11
104367,HD201203,6338,4.29,0.04,0.2,0.24,0.27,0.19
104436,HD199509,5770,4.55,-0.33,-0.25,-0.27,-0.31,-0.33
104659,HD201891,5688,4.39,-1.05,-0.84,-0.86,-1.12,-1.2
104733,HD202108,5684,4.51,-0.27,-0.19,-0.19,-0.2,-0.27
104809,HD201989,5749,4.58,0.05,0.09,0.09,0.12,0.08
104903,HD202206,5788,4.49,0.33,0.28,0.31,0.35,0.35
105038,HD202575,4780,4.85,-0.18,0.16,-0.05,0.04,-0.06
105152,HD202751,4797,4.70,-0.13,0.03,-0.06,-0.1,-0.13
105184,HD202628,5816,4.49,-0.1,-0.01,-0.01,-0.01,-0.08
105388,HD202917,5617,4.39,-0.06,-0.07,0.02,0.11,-0.06
105918,HD204277,6196,4.37,-0.2,-0.06,-0.07,-0.02,-0.12
106213,HD204385,5971,4.34,0.05,0.05,-0.02,0.02,0.02
106527,HD205420,6313,3.91,0.05,0.07,0.18,0.1,0.04
106696,HD205390,5053,4.62,-0.24,-0.16,-0.15,-0.17,-0.24
107022,HD205536,5444,4.52,-0.02,0,-0.02,-0.03,-0.04
107040,HD206332,6033,4.33,0.41,0.28,0.25,0.27,0.33
107070,HD206374,5587,4.52,-0.17,-0.09,-0.1,-0.05,-0.13
107107,HD206387,5852,4.50,0.08,0.12,0.18,0.23,0.14
107225,HD206395,6200,4.25,0.31,0.24,0.19,0.24,0.25
107350,HD206860,5974,4.47,-0.07,-0.02,-0.03,-0.02,-0.09
107649,HD207129,5889,4.42,-0.09,-0.01,-0.04,-0.03,-0.07
107941,HD207874,5148,4.50,0.12,0.13,0.1,0.11,0.09
108156,HD208313,5033,4.54,-0.02,-0.04,-0.04,-0.04,-0.08
108158,HD207700,5680,4.39,0.08,0.11,0.11,0.04,0.07
108375,HD208487,6067,4.34,-0.01,0.04,0.03,0.02,-0.01
108473,HD208776,5977,4.00,-0.07,-0.09,0.01,-0.05,-0.1
108506,HD208801,4915,3.87,0.16,0.1,0.11,0.16,0.18
108736,HD208998,5901,4.42,-0.25,-0.13,0.01,-0.32,-0.28
108774,HD209393,5541,4.38,-0.31,-0.18,-0.2,-0.17,-0.27
108809,HD209253,6109,4.20,-0.35,-0.1,-0.35,-0.09,-0.26
108859,HD209458,6099,4.38,-0.04,0.04,0.08,0.01,-0.04
108903,HD209268,6028,4.12,-0.13,-0.05,-0.01,-0.08,-0.11
109110,HD209779,5718,4.25,-0.04,-0.03,-0.12,0.02,-0.07
109144,HD209875,6098,4.11,-0.17,-0.09,-0.04,-0.11,-0.17
109169,HD211681,5839,4.32,0.56,0.38,0.39,0.45,0.48
109214,HD209653,6002,4.24,-0.09,-0.05,-0.01,-0.1,-0.12
109355,HD210312,5760,4.47,0.28,0.24,0.22,0.28,0.29
109378,HD210277,5555,4.49,0.24,0.22,0.22,0.21,0.21
109422,HD210302,6339,4.15,0.07,0.08,0.08,0.09,0.02
109439,HD210460,5658,3.95,-0.23,-0.2,-0.02,-0.12,-0.22
109527,HD210667,5462,4.56,0.29,0.19,0.18,0.23,0.2
109572,HD210855,6261,3.93,0.26,0.17,0.25,0.19,0.14
109646,HD210752,5835,4.37,-0.62,-0.54,-0.5,-0.64,-0.69
109822,HD211038,5009,3.87,-0.17,-0.15,0,-0.22,-0.2
109821,HD210918,5735,4.38,-0.15,-0.06,-0.05,-0.11,-0.13
109836,HD211080,5820,4.19,0.44,0.3,0.35,0.39,0.41
110161,HD211317,5910,4.23,0.38,0.25,0.21,0.24,0.29
110508,HD212291,5602,4.56,-0.22,-0.13,-0.1,-0.12,-0.19
110649,HD212330,5739,4.15,-0.05,0.02,0.05,0.05,0.02
110712,HD212168,5897,4.33,-0.05,0,-0.03,-0.01,-0.03
110843,HD212708,5689,4.39,0.4,0.28,0.23,0.29,0.32
110853,HD212801,5456,3.98,0,0,0.16,0.12,0.06
111136,HD213472,5799,4.30,0.04,0.12,0.2,0.16,0.13
111143,HD213240,5968,4.22,0.19,0.14,0.16,0.14,0.16
111148,HD213519,5832,4.44,0,0.01,0.02,0,0
111274,HD213575,5668,4.33,-0.07,-0.02,0.05,-0.12,-0.11
111349,HD213628,5579,4.53,0.06,0.03,0,0.03,0.01
111748,HD214557,5997,4.09,0.06,0.04,0.06,0.07,0.03
111978,HD214759,5434,4.44,0.28,0.18,0.1,0.18,0.2
112117,HD214953,6049,4.29,0,0.05,0.03,0.03,0.01
112447,HD215648,5136,3.37,-0.19,-0.15,-0.12,-0.22,-0.3
112812,HD216275,5863,4.38,-0.26,-0.14,-0.14,-0.16,-0.23
112870,HD216259,4969,4.81,-0.61,-0.37,-0.35,-0.63,-0.65
113044,HD216435,5999,4.15,0.28,0.22,0.24,0.24,0.27
113086,HD216625,6212,4.33,-0.01,0.05,0.08,0.05,0
113137,HD216437,5849,4.23,0.29,0.22,0.2,0.22,0.25
113357,HD217014,5787,4.45,0.3,0.22,0.14,0.2,0.23
113386,HD217004,5694,3.99,-0.07,-0.05,-0.01,-0.05,-0.07
113421,HD217107,5704,4.54,0.43,0.35,0.32,0.39,0.39
113438,HD217165,5936,4.39,-0.05,0,0.01,0.01,-0.03
113695,HD217618,5714,4.30,0.47,0.33,0.31,0.35,0.39
113829,HD217813,5885,4.50,-0.08,0.02,0.09,0.07,-0.03
113896,HD217877,5953,4.29,-0.07,-0.06,-0.08,-0.11,-0.13
113905,HD218168,5879,4.39,-0.2,-0.06,-0.07,-0.01,-0.12
113948,HD217958,5962,4.40,0.45,0.32,0.3,0.31,0.38
113989,HD218209,5585,4.60,-0.36,-0.26,-0.23,-0.46,-0.45
113994,HD218101,5301,3.99,0.18,0.06,0.19,0.2,0.17
114028,HD218133,5923,4.23,-0.08,-0.06,-0.02,-0.07,-0.08
114081,HD218235,6539,4.34,0.38,0.28,0.24,0.23,0.24
114096,HD218261,6226,4.40,0.24,0.15,0.12,0.15,0.13
114322,HD218566,4927,4.81,0.38,0.33,0.23,0.38,0.37
114378,HD218687,5905,4.35,-0.18,-0.08,-0.07,-0.08,-0.14
114424,HD218730,5900,4.35,-0.01,0.08,0.05,0.1,0.05
114456,HD218868,5540,4.45,0.24,0.22,0.18,0.21,0.23
114622,HD219134,4835,4.56,0.13,0.02,0.02,0.12,0.09
114670,HD219172,6145,4.30,0.06,0.11,0.09,0.12,0.09
114699,HD219077,5364,4.05,-0.17,-0.1,-0.05,-0.12,-0.13
114834,HD219420,6120,4.33,-0.03,-0.01,-0.04,-0.04,-0.07
114886,HD219538,5078,4.50,0.02,-0.04,-0.07,-0.04,-0.08
114914,HD219542,5710,4.44,0.08,0.14,0.13,0.16,0.14
115279,HD220077,5840,4.37,-0.36,-0.3,-0.23,-0.34,-0.43
115445,HD220339,4975,4.53,-0.25,-0.28,-0.24,-0.31,-0.35
115577,HD220507,5687,4.35,0.06,0.08,0.1,0.02,0.02
115951,HD221146,5903,4.34,0.11,0.12,0.11,0.11,0.12
116085,HD221354,5133,4.37,0.05,0.06,0.01,0.01,0
116106,HD221356,5976,4.31,-0.29,-0.22,-0.18,-0.26,-0.29
116250,HD221420,5830,4.08,0.42,0.33,0.32,0.34,0.43
116421,HD221830,5740,4.40,-0.37,-0.16,-0.06,-0.4,-0.37
116542,HD222033,5991,4.26,0.2,0.17,0.2,0.19,0.2
116613,HD222143,5869,4.45,0.01,0.09,0.06,0.15,0.1
116745,HD222237,4723,4.69,-0.28,-0.09,-0.18,-0.29,-0.27
116763,HD222335,5231,4.54,-0.2,-0.17,-0.17,-0.17,-0.21
116771,HD222368,6204,4.18,-0.09,-0.06,-0.04,-0.09,-0.16
116852,HD222480,5833,4.24,0.2,0.17,0.18,0.18,0.19
116906,HD222582,5727,4.34,-0.01,0,0,-0.03,-0.03
116984,HD222697,5361,4.41,0.01,0.12,0.1,0.16,0.1
117258,HD223084,6083,4.33,-0.22,-0.15,-0.17,-0.13,-0.22
117320,HD223171,5862,4.21,0.15,0.1,0.13,0.12,0.12
117367,HD223238,5844,4.39,0.04,0.03,0.04,0.02,0.03
117427,HD223315,5606,4.34,0.29,0.28,0.25,0.3,0.31
117526,HD223498,5628,4.58,0.17,0.18,0.17,0.23,0.18
117668,HD223691,5506,4.08,-0.22,-0.16,-0.08,-0.17,-0.19
117953,HD224156,5496,4.58,-0.05,0.02,0.04,-0.03,-0.06
118115,HD224383,5754,4.31,-0.14,-0.05,0,-0.04,-0.09
